Time,Request Count,Client UUID,Global Version
2024-12-14 23:05:37.466877,1,386880b4-8f99-4a03-9877-1d936dd36311,0
2024-12-14 23:11:17.935044,1,0f536dc0-59bf-4ad5-aa23-d88ed182db67,0
2024-12-14 23:14:49.927563,1,b9ba9e26-7b9c-41ec-b570-d524cb6ffe9d,0
2024-12-14 23:18:48.486241,1,056a57d1-a9a5-480c-a9af-1465b98e4fbb,0
2024-12-14 23:18:51.297757,1,7982fe96-0b66-48b8-bee5-76d6eef8f7ab,0
2024-12-14 23:19:29.180339,1,8b4f16c6-0f4e-4aed-9a2d-aba6b47253aa,1
2024-12-14 23:19:59.658652,1,afd230a7-fe3b-43bd-9197-7564fdb7bef2,1
2024-12-14 23:27:22.304789,1,3dcb7936-9990-437d-b641-b94308beabb7,2
2024-12-14 23:29:03.122558,1,e46e2ce0-776b-4237-af17-b1ad2e652e96,0
2024-12-14 23:29:56.248291,1,6bf4fa81-efd9-4cd2-9030-d2498619e9b4,0
2024-12-14 23:32:07.892137,1,1105ab2a-cf88-4625-8bc9-e4befb46566d,1
2024-12-14 23:36:16.107744,1,b236030a-bcdf-4168-b555-8adf38876864,0
2024-12-14 23:40:09.145168,1,dbab55c7-672b-47ca-a32d-1112a8f50532,0
2024-12-14 23:40:58.514864,1,91dd6cda-27cc-4fc2-a954-37ca29e440bd,2
2024-12-14 23:55:08.164555,1,92f1a2cc-6d60-42d1-a8e9-5ed080ee8b12,0
2024-12-14 23:56:00.675071,1,4a9ac5dd-10a6-4712-a3fc-6bd4f59f9c92,2
2024-12-14 23:57:32.944448,1,e25e4a1a-4ba4-4850-8602-0302cdb4fa3c,3
2024-12-14 23:58:32.515041,1,86a3a4f2-6745-4433-ae7b-b4be16b2d1de,0
2024-12-14 23:59:35.180258,1,e68ca9e6-24fe-49d0-befe-3d3cac072bba,1
2024-12-15 00:01:19.678048,1,e724ce89-4792-4c04-9835-6ce255906633,4
2024-12-17 16:01:36.296638,1,8ae073b8-5b1c-4c57-9d63-772c79aa1b2a,0
2024-12-17 16:03:49.580035,1,48e5dbf9-4b60-43d1-bf1d-91dec557f81c,1
2024-12-17 16:05:56.781764,1,5077d153-96ed-4f49-b5d9-250e1cb147bc,0
2024-12-17 16:09:20.839432,1,319debd2-3c42-49b9-9933-d8024c2d69cc,0
2024-12-17 16:20:39.782146,1,809513e1-53b8-4a2b-b9c3-03000c5df477,0
2025-03-31 15:02:40.241351,1,30a940b7-fb80-45f5-819a-3d224f23697a,0
