_id,aggregation_time,layer,timestamp
fe1238d79641432eba9a999736a09cd6,1.6154122352600098,L2,2025-01-31 12:53:36.373
038a6032991e416d8714949dc685b799,0.0036194324493408203,L2,2025-01-31 12:53:36.466
864f61237ce34025970f578be75e80fc,0.0031728744506835938,L2,2025-01-31 12:53:36.507
c7dceef51005411b86f0e8b8ef836cbe,0.012268304824829102,L3,2025-01-31 12:53:36.901
8307da9ce9d34e1eaf6ed669cc90be6c,0.003432035446166992,L2,2025-01-31 12:53:37.123
d7c8f7ec75f74ff4b8082fc5f423d566,0.013303518295288086,L3,2025-01-31 12:53:37.267
a6c93bc5afdb42eab4b19b7cf3bc0ab7,0.012956619262695312,L2,2025-01-31 12:53:37.297
577d75e04cc74d72b75fc1daf14a85bd,0.0012500286102294922,L3,2025-01-31 12:53:37.315
e38c976ec1014a4d861571028e8f79dd,0.0034644603729248047,L2,2025-01-31 12:53:37.342
17e5c34d468a49fe820e29ebae046780,0.0011856555938720703,L3,2025-01-31 12:53:37.545
9aea4f8629af43e4a3d414b45809cf22,0.0012121200561523438,L2,2025-01-31 12:53:37.741
098044ae630f4cef9c36ccbbc5344e4c,0.001117706298828125,L3,2025-01-31 12:53:37.817
fc09c960c0d849a78c2dc09e913e27a0,0.001104593276977539,L3,2025-01-31 12:53:38.025
cef3f3b1575c49379b73b2af2d474126,0.0012230873107910156,L2,2025-01-31 12:53:38.237
c652e4fbba52456ca05d6e83d8592a70,0.0010654926300048828,L3,2025-01-31 12:53:38.276
46b916f9b30a483cab38c3e35b3fa50b,0.002165079116821289,L2,2025-01-31 12:53:38.551
90eaa18c9a3e433baae44b16778ceca0,0.0011126995086669922,L3,2025-01-31 12:53:38.598
cf0bef2fb9d14550a4a7f90210a20241,0.0011696815490722656,L2,2025-01-31 12:53:38.714
86f0f665d0ba43b4b83ec8dd146d3a93,0.0010647773742675781,L3,2025-01-31 12:53:38.926
4b475d7ee4934e8e81311b2cb6fadcc8,0.0011050701141357422,L3,2025-01-31 12:53:39.154
9e53b87fe1af483ea46d4998a306b942,0.0013871192932128906,L2,2025-01-31 12:53:39.307
f08dbfbc07874e76bc8ed86a9d8a0f9c,0.001535177230834961,L2,2025-01-31 12:53:39.791
b282ebfece0c4a4b96c00dbeaad98f60,0.0021347999572753906,L2,2025-01-31 12:53:40.050
24e99167e89144c980a2c49446a3b87e,0.010715007781982422,L2,2025-01-31 12:53:40.259
bbcdb343107f445a8e4405082da231b1,0.46026039123535156,L3,2025-01-31 12:53:40.260
6f9dd527353548879e9acec002ddc65f,0.003612995147705078,L2,2025-01-31 12:53:40.303
6ec1f7cd001e494a861d85c45ea0f702,0.0016186237335205078,L3,2025-01-31 12:53:40.541
46ffe639fd3347168aaada0d472b48ed,0.0022039413452148438,L3,2025-01-31 12:53:40.582
de04431712de43408a01c997b737bd4c,0.00896906852722168,L2,2025-01-31 12:53:40.883
9c18a223a02e42d8be5a8363ad99763d,0.0012433528900146484,L3,2025-01-31 12:53:40.913
4256d5ab07ce4652b10312aa6263a19d,0.0026803016662597656,L2,2025-01-31 12:53:40.927
69e1c267d41c43fbb5740676be880284,0.0012602806091308594,L3,2025-01-31 12:53:40.992
0a0901cb12dd417d9f04804d2f11621a,0.0012390613555908203,L2,2025-01-31 12:53:41.130
da60596b9e9f42debb327df17643cc35,0.0023458003997802734,L3,2025-01-31 12:53:41.401
98dd761654fa46439cda6c300194aa6a,0.002228260040283203,L3,2025-01-31 12:53:41.494
73600013e2e241fe95fccf599bdb8aa4,0.0010418891906738281,L3,2025-01-31 12:53:41.635
c022b985ae4444f7995e83baf464b097,0.0015213489532470703,L2,2025-01-31 12:53:41.885
1827f4cfdb194a8bbea621202df404e8,0.0013017654418945312,L2,2025-01-31 12:53:41.985
03774933247d47e2924b6cfc1c396fd8,0.0014317035675048828,L2,2025-01-31 12:53:42.138
94c1b2832e0a4989bddd714174b3868f,0.0025310516357421875,L3,2025-01-31 12:53:42.328
bca5197f713944b6936195b5d7583ab7,0.0024907588958740234,L3,2025-01-31 12:53:42.541
87135844cac9480d884afb118ce84314,0.0014414787292480469,L2,2025-01-31 12:53:42.614
5f137723e43b4338b622e73a8103cd53,0.019033193588256836,L2,2025-01-31 12:53:42.734
3fa52d6f3c7b46c78c3de9fc4212ea73,0.0011091232299804688,L3,2025-01-31 12:53:42.772
9d8879ee58e642bbb72569023ef80f94,0.0020525455474853516,L2,2025-01-31 12:53:42.795
dbb2177c7b41464491483616dfda5f10,0.0026268959045410156,L3,2025-01-31 12:53:43.367
04e09757f210495095970a0e85bb66a7,0.012008905410766602,L2,2025-01-31 12:53:43.388
7a42633d15d24e4ca0b966bdd5ca1b64,0.0037992000579833984,L2,2025-01-31 12:53:43.445
933905e2deee417ab5984c82245c05e3,0.004083395004272461,L2,2025-01-31 12:53:43.490
ef3f1ab17d0d4addb199444573b78ff8,0.002197265625,L3,2025-01-31 12:53:43.529
6811a6773a204de8905e1c65485cd01a,0.004508495330810547,L2,2025-01-31 12:53:43.538
27b2ebf0b0074a32bf4ad2cd71bce0db,0.0018122196197509766,L3,2025-01-31 12:53:43.904
a093d715a06b49dc87a9cf0893439d7d,0.009375572204589844,L2,2025-01-31 12:53:43.989
fb5270e995c04909a4b27540aade206e,0.02147388458251953,L2,2025-01-31 12:53:44.092
dee675a5c5704971869bcbc472da664f,0.004895925521850586,L2,2025-01-31 12:53:44.136
c56c060f8f2a4711b021f417301b101a,0.003339529037475586,L2,2025-01-31 12:53:44.182
cb4f3ce0cf2f43b89bf2b70904db5fff,0.004695892333984375,L2,2025-01-31 12:53:44.248
6fc439e448e549238a8190dbf8e4142b,0.0029497146606445312,L3,2025-01-31 12:53:44.464
ee2b39831e624216b45b86a716f3578e,0.003434896469116211,L2,2025-01-31 12:53:44.519
1e6ba81905ea4c55a341ffa203259271,0.0023148059844970703,L2,2025-01-31 12:53:44.587
0b041301af4946249e339a16cc46cff2,0.013285398483276367,L2,2025-01-31 12:53:44.668
02cf5b49164f425dbef04c9f10edf606,0.002361774444580078,L3,2025-01-31 12:53:44.714
97602bad3ee74f988eab34b990301105,0.003285646438598633,L2,2025-01-31 12:53:44.819
9fa4f57f9bb74caca07e3389df89a592,0.0012288093566894531,L3,2025-01-31 12:53:44.844
d18bca0f964b4acdaa9f9a67aaacff04,0.0024089813232421875,L3,2025-01-31 12:53:44.879
743d0e256e464d3eacda09a4e9303ff3,0.0029506683349609375,L3,2025-01-31 12:53:45.142
d2da212fb0e14655b6f881eaa667f413,0.0011258125305175781,L3,2025-01-31 12:53:45.285
46b4254bdfdd4792acfedd9f66937fee,0.0010962486267089844,L3,2025-01-31 12:53:45.506
3c7f9949b27844e6836d0a4372362e00,0.0013039112091064453,L3,2025-01-31 12:53:45.604
f13de35275e04f629028baaab8dafea0,0.0011992454528808594,L3,2025-01-31 12:53:45.971
db8fa399fa324a4da54fda6eb6668bf7,0.0010693073272705078,L3,2025-01-31 12:53:45.996
0a2bb970e9414a2482ff9c935c874e1a,0.008903026580810547,L2,2025-01-31 12:53:46.057
f639731afc424951a3022c4db15fc161,0.009983539581298828,L2,2025-01-31 12:53:46.559
243090e0e9ac41e68573fb86abad9556,0.012149810791015625,L2,2025-01-31 12:53:46.663
4259133e83684aa798ca741e99cf9244,0.0012204647064208984,L3,2025-01-31 12:53:46.729
cb15f904aae44023878e11c8c80926e9,0.012454509735107422,L2,2025-01-31 12:53:46.740
79988480cb384a4bad5c1f55b5fabe11,0.0011677742004394531,L3,2025-01-31 12:53:46.762
354ccfc8589949cbaa778d26a1eb7c25,0.002413511276245117,L2,2025-01-31 12:53:46.825
e4f26fec9e004c49a01fa75dacbba0fb,0.0014011859893798828,L2,2025-01-31 12:53:46.868
4ca292fad53640f3afd049515fb836e6,0.001081705093383789,L3,2025-01-31 12:53:46.893
507cf24678b3428a8d190f3940d4f921,0.019726276397705078,L2,2025-01-31 12:53:46.935
f7dedb11417d4ec19fba515a6bd65238,0.0232388973236084,L2,2025-01-31 12:53:47.018
6a68c50e0b3548b68a0c6d558b81cb87,0.002498626708984375,L3,2025-01-31 12:53:47.075
a5751698fe924714a738830863aaff57,0.029627561569213867,L2,2025-01-31 12:53:47.198
0c5b2c0293fb4592ab2c9ec3db60972e,0.002599954605102539,L2,2025-01-31 12:53:47.240
64e3ec3ec1c846acafb955310c51bfaf,0.0029511451721191406,L2,2025-01-31 12:53:47.284
5fe566f3d2c042e8aa8a93942282e97f,0.001890420913696289,L2,2025-01-31 12:53:47.368
84473c81227542e48b7031ef955d6623,0.002413511276245117,L3,2025-01-31 12:53:47.532
6c80bd23ba9a41b2bfe1322fd1619bc0,0.001986265182495117,L2,2025-01-31 12:53:47.592
4006d7c4edd9419d914a22dbd656e0fe,0.0013089179992675781,L3,2025-01-31 12:53:47.869
15ddc8b8e10849a898d964405cdb5e11,0.0035331249237060547,L2,2025-01-31 12:53:48.485
0ee771f579af47ec8a0634a1329c5f70,0.0023720264434814453,L3,2025-01-31 12:53:48.586
85c372fdc94c4e15a058217d932ff37f,0.0024826526641845703,L3,2025-01-31 12:53:48.619
50b3394d86b14d20af19a4270e8a81b3,0.0026199817657470703,L3,2025-01-31 12:53:48.654
e29a1134a903416cb0b017a8383c15dd,0.005266904830932617,L2,2025-01-31 12:53:48.687
671dce3c53e34581b0c4c4125ebf1a21,0.0031690597534179688,L3,2025-01-31 12:53:48.690
9afcf3c0f6774785a0c9b2b9f2bde093,0.002337932586669922,L3,2025-01-31 12:53:48.723
ec23aa5be793437aa9ee22a672d096aa,0.02484130859375,L3,2025-01-31 12:53:48.796
0137695fb8404e598c4a0d0cc74488ef,0.003156900405883789,L2,2025-01-31 12:53:48.843
4a9fdf4e200042c6a318b62b06c10538,0.0023012161254882812,L3,2025-01-31 12:53:49.005
12ad50bec951415da1dd309782ed5dc6,0.003217458724975586,L2,2025-01-31 12:53:49.096
e5ba802ddf544efc892c69bae7d3a412,0.0024116039276123047,L3,2025-01-31 12:53:49.243
bbc5791a52af40ad8c91b20984b21b7d,0.0035467147827148438,L2,2025-01-31 12:53:49.345
f91986a74764481191e0117d95204696,0.0038771629333496094,L2,2025-01-31 12:53:49.418
a1c892aa0bba46789ee51beecd3b14dd,0.002190828323364258,L3,2025-01-31 12:53:49.462
be8d8d5b68184e1195600fc5d3796fde,0.04078793525695801,L2,2025-01-31 12:53:49.643
8d8e274f48b94104988ff9f1bda2e8af,0.003444194793701172,L2,2025-01-31 12:53:49.692
1cc1deb5b6bd42bf8af6c88cd84184e5,0.003815889358520508,L2,2025-01-31 12:53:49.749
790fe9c9eb8845b1a6fc67c05f3b8828,0.004042863845825195,L2,2025-01-31 12:53:49.809
7d7804924d904c0b94d71b09f1fd33f5,0.0041351318359375,L2,2025-01-31 12:53:49.856
da84c111166b4ac3b512eb2924dddd48,0.015158414840698242,L2,2025-01-31 12:53:49.932
80e444de68de4e75982ddcb66bcfc072,0.0010924339294433594,L3,2025-01-31 12:53:50.036
ae29e53060cd413787a7599ca3fadfe0,0.0017702579498291016,L2,2025-01-31 12:53:50.129
05c0d4ba28224b5fa4074cb52fd0c9ea,0.012128829956054688,L2,2025-01-31 12:53:50.190
7b5c26c4c1e74097bc7aaa336d81e0c5,0.010824203491210938,L2,2025-01-31 12:53:50.311
754856f2b96a4a9a96b6587abf6e540a,0.0013396739959716797,L2,2025-01-31 12:53:50.371
1ebfea5296a04266bd405584ae1a3fd2,0.001085042953491211,L3,2025-01-31 12:53:50.389
dd7450abcc59480b976b60207f969db5,0.030185699462890625,L2,2025-01-31 12:53:50.443
aa97ebded62340d2ad3fd4c48b6782e6,0.020362377166748047,L2,2025-01-31 12:53:50.504
9cec2004bf24480a83bfbd9c664f96db,0.0011544227600097656,L3,2025-01-31 12:53:50.594
1db1764dcbc749a58b56ec817c83acc7,0.003994464874267578,L2,2025-01-31 12:53:50.598
a42d0888f12e4709a2f6eab3740123c3,0.0027680397033691406,L2,2025-01-31 12:53:50.721
5c879b1351df43e0b544a991ba1878a4,0.0028069019317626953,L2,2025-01-31 12:53:50.784
712eb1f7ce3b4d34adb99c701b95f9c6,0.001444101333618164,L3,2025-01-31 12:53:50.873
a514190b338c4320b2fb0997554f723c,0.02178812026977539,L2,2025-01-31 12:53:50.959
502be7af335a45a5ab02e8a9429fd304,0.002038240432739258,L2,2025-01-31 12:53:50.997
0e734520e0354c00b09c4c675f583bd3,0.0038411617279052734,L2,2025-01-31 12:53:51.125
c0c60849b36e47ce991e468aca7b77b9,0.0018384456634521484,L3,2025-01-31 12:53:51.268
8e4e961d10d0401cb3dae4c938eb62be,0.0031557083129882812,L2,2025-01-31 12:53:51.733
54c6dc0356dc474db0393f5e0fcdb0c6,0.0027878284454345703,L3,2025-01-31 12:53:51.937
f3797707bd9f4c23aa6f772d0e43b0d7,0.0028176307678222656,L3,2025-01-31 12:53:51.974
cf6bfe0b6a4d4b3eaa1474dcf5dc84b3,0.002180814743041992,L3,2025-01-31 12:53:52.008
c2e9280b3e9c429c9a8adf6eadfc722e,0.003778219223022461,L2,2025-01-31 12:53:52.290
03967d2cfb26489dafbffe6872221195,0.0014526844024658203,L3,2025-01-31 12:53:52.539
798d160faa9043ff8220f66b7caa1ef7,0.010771751403808594,L2,2025-01-31 12:53:52.542
7bb6536cf49e41c09e2f3dc846854c04,0.0011789798736572266,L3,2025-01-31 12:53:52.625
bf4ad1d17e604350b9c1b52504408d01,0.001577615737915039,L2,2025-01-31 12:53:52.646
4050d0528da04bde8f634762994239a9,0.002106904983520508,L2,2025-01-31 12:53:52.726
64852b07a6124c7294d4bb96ef6bde3f,0.001621246337890625,L3,2025-01-31 12:53:52.856
3adb688ce3524830b06d2ddfe468471c,0.0024247169494628906,L3,2025-01-31 12:53:52.925
099b928a04504210a53c99ed6aad9714,0.0012392997741699219,L3,2025-01-31 12:53:53.412
0424f212cece4480bd3aed9156b15b85,0.0015881061553955078,L3,2025-01-31 12:53:53.458
0b69ead67b2d4d61acfd37096f333a16,0.0013518333435058594,L3,2025-01-31 12:53:53.492
562c42fd171b4e92b9d5961fa91195ca,0.0014171600341796875,L2,2025-01-31 12:53:53.539
f5fcff15aa624481bdee18b94fba79da,0.0012357234954833984,L3,2025-01-31 12:53:53.623
0201a53bd1284f6aba8a8adf2b1e4ca0,0.002710580825805664,L3,2025-01-31 12:53:53.674
6fb0a7cb50444717a587c7ca0637784d,0.0011334419250488281,L3,2025-01-31 12:53:53.874
04e4b44f7b7848699ddb0911a288674c,0.0014965534210205078,L3,2025-01-31 12:53:54.058
f880a4526c4e421bb4a91228d9d4a7d9,0.0012886524200439453,L2,2025-01-31 12:53:54.120
12d5769cf61846d5b053ca921e2cb1c4,0.0015664100646972656,L3,2025-01-31 12:53:54.156
51661050bb0544429712be4514265ca4,0.0018057823181152344,L2,2025-01-31 12:53:54.162
e6d7c042f3be4ae0bcc6929a51c6dd0b,0.001096963882446289,L3,2025-01-31 12:53:54.544
c2b46027e91a4749bc925e41b76a19e1,0.0015933513641357422,L3,2025-01-31 12:53:54.574
bd3f7a60bfff4b0794b61af1b58205d9,0.0011196136474609375,L3,2025-01-31 12:53:54.605
bab85bfb53334a6d86c4c3f180cc417b,0.0012154579162597656,L3,2025-01-31 12:53:54.638
d350bab128164e0586a99e2446123bc9,0.0017561912536621094,L2,2025-01-31 12:53:54.748
8b4ce7df49984ecdb198f9da652a555e,0.0015614032745361328,L2,2025-01-31 12:53:55.202
3d662647d3824d5c8cf9c8fc2e0205ca,0.0018084049224853516,L2,2025-01-31 12:53:55.271
0f95b7d633014ebd84bc0c8636a32dbe,0.0013210773468017578,L2,2025-01-31 12:53:55.407
518eb7f67325438eacab9a2ee1d12170,0.008423805236816406,L3,2025-01-31 12:53:55.620
24f07a4c01b44cd482ca0d1431cab634,0.002912282943725586,L3,2025-01-31 12:53:55.648
13ed259602a748f8949f58558ee5ef2e,0.021022319793701172,L2,2025-01-31 12:53:55.673
a3ae8620e4f6411888cacf9fbe419530,0.01905345916748047,L3,2025-01-31 12:53:55.747
79976ccca17941cbb71a87caed38f07c,0.029744863510131836,L2,2025-01-31 12:53:55.763
88eac4a073de46948099ba3e3cf686a8,0.0011887550354003906,L3,2025-01-31 12:53:55.853
75b2fc9b25ac4f4ea160043044e1dce0,0.0018155574798583984,L2,2025-01-31 12:53:55.860
821a00656de1423e84eb77f2ee7e58b3,0.001257181167602539,L3,2025-01-31 12:53:55.884
d3702b9a6a554b87bfb555c0b0310943,0.012783050537109375,L2,2025-01-31 12:53:55.919
cdbb94a8ff704a198e352d97bc2214c4,0.002498626708984375,L2,2025-01-31 12:53:55.961
1ca0c5641ace4e218c236a20b86274fc,0.0019969940185546875,L2,2025-01-31 12:53:56.023
f0f21e3a42c6429c94c948aa74a1fcdd,0.003539562225341797,L2,2025-01-31 12:53:56.078
f154b2b54f154c259e30de030658918b,0.001262664794921875,L3,2025-01-31 12:53:56.085
072eafb2bb3847959a84c3de23144912,0.0012369155883789062,L3,2025-01-31 12:53:56.187
1afcd70d51c24f98af6ab52958cac7dd,0.05017399787902832,L2,2025-01-31 12:53:56.266
319d28d8bada4cdfb8065e2f382668b5,0.019657135009765625,L3,2025-01-31 12:53:56.295
372eff696b074dc8a8f5ff3462bf9b44,0.0012140274047851562,L3,2025-01-31 12:53:56.326
536fed95312a44539193c6188f7105cf,0.03160214424133301,L2,2025-01-31 12:53:56.374
69e0477b7a0c492cb93bb7f6c70ffe6f,0.0209352970123291,L2,2025-01-31 12:53:56.436
042f830199714fa88339f7f737491489,0.001104593276977539,L3,2025-01-31 12:53:56.453
41ba0eefb11e4c3a97c765a2aad02549,0.002058744430541992,L2,2025-01-31 12:53:56.498
1d408a451d1a4a4a84c31efa8c3d4667,0.0013957023620605469,L3,2025-01-31 12:53:56.546
bd3702127925449b8a4297dadae8466a,0.0012497901916503906,L2,2025-01-31 12:54:21.617
3b5fb0b55e064a4f879d17e855ed5690,0.0011134147644042969,L3,2025-01-31 12:54:22.028
2379f07a67b34089bef044be270d4c12,0.0015823841094970703,L2,2025-01-31 12:54:22.055
96b10f58450e4d24a8c545ee2c643641,0.0010628700256347656,L3,2025-01-31 12:54:22.572
07fc098563c4422792d9f67ccd8316e3,0.0013246536254882812,L2,2025-01-31 12:54:22.602
3648ea8331af45359f60e54d7fbc0f7e,0.0014047622680664062,L2,2025-01-31 12:54:23.186
acbdfd703423468ca9036d5d09c5cc1a,0.0010302066802978516,L3,2025-01-31 12:54:23.203
385fdef85f8b4301b5aaea70aaeda881,0.001322031021118164,L2,2025-01-31 12:54:23.313
a3e7898a7c5a4801b93b03647a9f3877,0.0012090206146240234,L3,2025-01-31 12:54:23.918
19c396f57c434f7785222ed0f0ed9f30,0.0010609626770019531,L3,2025-01-31 12:54:23.946
887f3b8f41334b64a6b3415cb3398599,0.0013403892517089844,L2,2025-01-31 12:54:24.224
b5901b001e6b48a7b799a87693380996,0.001744985580444336,L2,2025-01-31 12:54:24.660
0d640c7f57e346cea40fe52fe33b168d,0.0018248558044433594,L3,2025-01-31 12:54:24.666
4eb1757e75b24bde9a93d12dbb4e5390,0.0014882087707519531,L2,2025-01-31 12:54:24.868
f6812d4087b74160a52e121f008a5e57,0.0015349388122558594,L2,2025-01-31 12:54:25.038
1fa4653bb6d844e1a6c799d05e52c58e,0.0010437965393066406,L3,2025-01-31 12:54:25.123
ea12df443dbd427b8926bd614e06e9e6,0.0011301040649414062,L3,2025-01-31 12:54:25.420
30c8de95eb864230a955cb578862fb19,0.0013082027435302734,L3,2025-01-31 12:54:25.707
795a56f6acf64988a0edab900ee378c9,0.007911920547485352,L2,2025-01-31 12:54:25.746
c3fe5f534c7c4f72b9236773d38c4c2f,0.0018720626831054688,L2,2025-01-31 12:54:25.787
510d9dafd250476ab6ce58bce7a3749a,0.0011568069458007812,L2,2025-01-31 12:54:26.184
adc8d4d9ce064c8b8612631323d1573c,0.0011782646179199219,L2,2025-01-31 12:54:26.277
118d67a7c9ea455f93b76db77709df7b,0.0010540485382080078,L3,2025-01-31 12:54:26.599
07f4a7d4bdfc40919ba99c22ce72444b,0.0010690689086914062,L3,2025-01-31 12:54:26.732
4952732f1d7a42a39780aa448485c354,0.0015921592712402344,L2,2025-01-31 12:54:26.819
604f5ed12e32447f82e1880e2934a534,0.010843276977539062,L2,2025-01-31 12:54:26.881
bbb3419d3e1343f38e664646e99e0bef,0.0017116069793701172,L2,2025-01-31 12:54:26.934
d4fa9bd63d684613bb7fc9b62049e56b,0.001074075698852539,L3,2025-01-31 12:54:27.012
4447a6e92352477fa8216a7f55717674,0.0021104812622070312,L2,2025-01-31 12:54:27.481
41e9587ce2464e769242a1b3f86fc4f3,0.010766267776489258,L2,2025-01-31 12:54:27.595
4a02f201f1ae4b27af92236b9122ee2e,0.001268148422241211,L3,2025-01-31 12:54:27.606
ba6d0793b2154e169fc881d8f5dfb89e,0.0026662349700927734,L2,2025-01-31 12:54:27.634
17ddd5a7b7ea4c4094121ca8291cd013,0.0021555423736572266,L2,2025-01-31 12:54:27.716
ec7a6cacd7be4b408c2204b0d9393de8,0.0029163360595703125,L2,2025-01-31 12:54:27.758
b4dd4c969f0044079322f39f01cd9e8a,0.003793478012084961,L2,2025-01-31 12:54:27.850
d1f71f3379b344ffb0c56ab606b75166,0.06654000282287598,L2,2025-01-31 12:54:27.974
e70ff37f4eb0405197ee9f3a296a0491,0.0014488697052001953,L3,2025-01-31 12:54:28.112
24cb495e27c5471e9f477448e9dd78a4,0.0019931793212890625,L2,2025-01-31 12:54:28.139
5ce0a1fd99474e45ae02df36e9053db5,0.0012233257293701172,L3,2025-01-31 12:54:28.449
59be0be4f276448ca45c88c773a109e3,0.00176239013671875,L2,2025-01-31 12:54:28.562
0d49c93ace3e4c2b8e483b4be416a60f,0.0018339157104492188,L3,2025-01-31 12:54:28.578
d6fafeb154a240158a70c40af8bd3b4b,0.0019474029541015625,L2,2025-01-31 12:54:28.725
2a00edb8c2694ebd935b0fa67f52f4c7,0.008820533752441406,L2,2025-01-31 12:54:29.006
95158c51513c4e6fb06f6d5f6996284e,0.0026662349700927734,L2,2025-01-31 12:54:29.072
4b4bdf2ed6fe4731bf49b2ac83da1a6b,0.0014691352844238281,L3,2025-01-31 12:54:29.298
28dabf1e5b1e43c0889ee498932584e3,0.0015659332275390625,L3,2025-01-31 12:54:29.342
f9698aa5eafa43de9c2d0f64481bedb0,0.0014710426330566406,L2,2025-01-31 12:54:29.369
cfc7502422654c57bf5810d9128ac859,0.0018744468688964844,L2,2025-01-31 12:54:29.469
17e056b172dc4019afba7ec792329c02,0.008955717086791992,L3,2025-01-31 12:54:29.846
03fe583647b14fb9bfa7e255a3802eb2,0.0011780261993408203,L3,2025-01-31 12:54:29.872
3772b67933fa4c8fa4353cd5b4fe266e,0.002237558364868164,L3,2025-01-31 12:54:29.901
885c255115ce4ab29e8d7405f923683a,0.019972801208496094,L3,2025-01-31 12:54:30.014
2e1041817b5645f1a275baf406197135,0.0024547576904296875,L3,2025-01-31 12:54:30.060
939937e52e15422097fc053befa5e863,0.00226593017578125,L3,2025-01-31 12:54:30.317
d1f1977c10e34310876c2618d8127b44,0.0016567707061767578,L2,2025-01-31 12:54:30.353
0327b4434fe5464e8bb3edb283f27b09,0.011536121368408203,L2,2025-01-31 12:54:30.415
64f1ee9eae5147dfa7ade692fba4c2a9,0.0018219947814941406,L2,2025-01-31 12:54:30.464
0e4f0911e7d045f4996bc0910344b4c2,0.0017762184143066406,L2,2025-01-31 12:54:30.502
0d419cc475994ead96f3d30f8a0d27c9,0.0014944076538085938,L2,2025-01-31 12:54:30.690
cb675d8f26994cabb4fe9f45c695ffaf,0.0011758804321289062,L3,2025-01-31 12:54:30.909
06f0857c2413479399c4e466fd4892d7,0.0015892982482910156,L3,2025-01-31 12:54:30.935
0dbc3303f2c244c892bec5e0ea9f2a5a,0.0011470317840576172,L3,2025-01-31 12:54:31.249
9afc44f9626f4a97b67b7752ce122ac8,0.002010822296142578,L2,2025-01-31 12:54:31.286
7502705552324d3d937ed9627e6eb83d,0.0023717880249023438,L2,2025-01-31 12:54:31.331
42dea85ca47e48a9be3a9ad8e09c95f6,0.001127481460571289,L3,2025-01-31 12:54:31.410
af485d7b9d034a66b8a54ce77ad0f51e,0.0018720626831054688,L2,2025-01-31 12:54:31.418
f84d35b1072a4dfc8280ad024886c4e9,0.0020945072174072266,L3,2025-01-31 12:54:31.506
b70271d74ee647159dfbf3fb58712fd2,0.002573728561401367,L2,2025-01-31 12:54:31.517
efba083f2a6549e389324954596348f8,0.0012671947479248047,L3,2025-01-31 12:54:31.562
9ef584cfe8bf4dd080dc8a459c69870c,0.0013473033905029297,L3,2025-01-31 12:54:31.802
8b4bb755b56343988c212b2126a40152,0.0016663074493408203,L3,2025-01-31 12:54:31.896
29627188e95246ec95914a713aaa0a9c,0.0017175674438476562,L2,2025-01-31 12:54:32.036
4b1355f1afbc406c9f0c9afd22e651ca,0.0012769699096679688,L3,2025-01-31 12:54:32.142
05fc7faa5cfc401ca298c1cd8c40787a,0.0014462471008300781,L2,2025-01-31 12:54:32.279
55e60369f70147309a79ea09c49f9112,0.007983207702636719,L2,2025-01-31 12:54:32.548
7d66111979204552bf577aa866358948,0.001445770263671875,L2,2025-01-31 12:54:32.586
5b183082bdb4497ca273b7edf9a6dfbc,0.001598358154296875,L3,2025-01-31 12:54:32.591
7cccfb867e9f448b9f3ed1c62ccb3837,0.001232147216796875,L3,2025-01-31 12:54:32.617
c746a59170c44054a178b317dfabfee8,0.008786439895629883,L2,2025-01-31 12:54:33.321
7e13cb7c6db8412ebf3496998f46cc84,0.0018968582153320312,L2,2025-01-31 12:54:33.359
1c4f9dc8df814d5f8284b6acae8db99c,0.0015912055969238281,L2,2025-01-31 12:54:33.415
b6515f27b812477cb58749279d74274f,0.0017657279968261719,L2,2025-01-31 12:54:33.503
68087e89c5034322849f8b65b914c04c,0.0025320053100585938,L2,2025-01-31 12:54:33.600
8eef9853fab24aa0983bdee42489faa3,0.0012769699096679688,L3,2025-01-31 12:54:33.624
56627103f7c54ec593c2bcdc77b72aca,0.0011758804321289062,L3,2025-01-31 12:54:34.006
9176f62b88004a149d5863b3c0465956,0.0014753341674804688,L2,2025-01-31 12:54:34.048
6b7839e85d21469bb407a87cd040578b,0.001386880874633789,L3,2025-01-31 12:54:34.127
66baf12ed9fd4a088251886355979b34,0.01138925552368164,L2,2025-01-31 12:54:34.256
3529b91e10d44f25992ad3d13a4f33bc,0.0014624595642089844,L2,2025-01-31 12:54:34.299
6c9edafed3634b1cab81be3aac0205b7,0.0010466575622558594,L3,2025-01-31 12:54:34.350
a83b1af6cb94469d806535a41e227d6a,0.001062154769897461,L3,2025-01-31 12:54:34.492
3d15f53546754ab980e05fb39634b36d,0.0013110637664794922,L2,2025-01-31 12:54:34.575
d4623cd3fb7849dbaf2019306e03df26,0.0011849403381347656,L3,2025-01-31 12:54:34.689
5f3e7aafb86943849651a308087e97f8,0.0013687610626220703,L2,2025-01-31 12:54:34.930
fb523b9ec76144c49b37823b3c99619d,0.0016322135925292969,L2,2025-01-31 12:54:35.062
9f71361ff824420f9f1d730e4d3e8324,0.0015881061553955078,L3,2025-01-31 12:54:35.066
96e3afc414fc467a9e149c0cd7483df8,0.011368036270141602,L2,2025-01-31 12:54:35.124
718020fe1356423f86f06311d7d9b929,0.001983165740966797,L2,2025-01-31 12:54:35.167
34b273f6164147caa9dfb8d88876342a,0.0014996528625488281,L2,2025-01-31 12:54:35.208
92fdf11754b1480b8829b332c9b2fa35,0.0014810562133789062,L2,2025-01-31 12:54:35.348
7510c80dc0e644948702963bf88c5377,0.0011010169982910156,L3,2025-01-31 12:54:35.354
4ea46080dad04904a581beeb82555810,0.0013332366943359375,L3,2025-01-31 12:54:36.034
7e28333091ee46e1b0deaa9933b829f7,0.009458303451538086,L2,2025-01-31 12:54:36.355
4229a899add9426ea0258a73e61a65fb,0.00815439224243164,L2,2025-01-31 12:54:36.464
207949df40834aaaadaae047cae46e8f,0.002735614776611328,L2,2025-01-31 12:54:36.502
5f8db352515545f588e35a7a1dd77da5,0.002181529998779297,L2,2025-01-31 12:54:36.560
838b051c41b94fa38b90dfa54e871f33,0.0015180110931396484,L2,2025-01-31 12:54:36.630
868d78a15dc846099888420090a73ff0,0.0025463104248046875,L2,2025-01-31 12:54:36.719
4df09f532db24f6aa8d11a5c293fa0bf,0.0010290145874023438,L3,2025-01-31 12:54:36.774
4523e3ae30de41228c5cbf4c047c1901,0.0011677742004394531,L3,2025-01-31 12:54:36.852
600a69186b824eeb97892e41aa9ed6ed,0.0030710697174072266,L2,2025-01-31 12:54:36.926
0863a3943cb74b55b49893a0fb431c74,0.0021779537200927734,L3,2025-01-31 12:54:37.072
68edfb2afd4e45aaa6e285ced1765d44,0.003438711166381836,L2,2025-01-31 12:54:37.190
dae8e1c402514ba4954653ff8499cfce,0.004096031188964844,L2,2025-01-31 12:54:37.236
b4574ebc6ba447a4ad9a82d1664e0e5e,0.003089427947998047,L2,2025-01-31 12:54:37.456
2c2bb254901b487a876e2f0d4f5c88b5,0.0023131370544433594,L3,2025-01-31 12:54:37.569
f4e24c32e92f41f58588830f10581bb3,0.0029282569885253906,L3,2025-01-31 12:54:37.602
299fb9f4de6a49b6be4284817ea8cc43,0.0024225711822509766,L2,2025-01-31 12:54:37.603
6ec55a1e5eb742ac8ce1e293430a6e3f,0.003283262252807617,L3,2025-01-31 12:54:37.636
c7d3950a404444ff90df6399ef044581,0.0025064945220947266,L3,2025-01-31 12:54:37.669
465255d5543743b9ad6a567b0953bcff,0.0010676383972167969,L3,2025-01-31 12:54:37.703
8a409282e7954749a52b0e4eb86dab55,0.013138055801391602,L2,2025-01-31 12:54:37.759
78d717c836df4b759d920feeda84174a,0.0022737979888916016,L3,2025-01-31 12:54:37.890
b1f9546ea2424643b8aa9d4b303c4e5a,0.024983644485473633,L2,2025-01-31 12:54:37.935
7451a9a3ba0449b8ae1e00c94d08dde6,0.0035698413848876953,L2,2025-01-31 12:54:37.986
1298a8a113f444de9bba0c4405793c8d,0.003336191177368164,L2,2025-01-31 12:54:38.053
44f6b7b7a44443eda6418c2a720db4ef,0.019746780395507812,L2,2025-01-31 12:54:38.308
d60200a39ff24467afb3e7faaa88994e,0.005084514617919922,L2,2025-01-31 12:54:38.392
73e74a71b1744efcb70337d6f99b6e07,0.0037412643432617188,L2,2025-01-31 12:54:38.564
19a6487de5dc4e1aabf8f545f99d1df2,0.0014867782592773438,L3,2025-01-31 12:54:38.818
daf684fbb600418dae18b041024e3f23,0.001338958740234375,L2,2025-01-31 12:54:38.891
c7a465c633c44c4898ea63c5cb777035,0.0013110637664794922,L3,2025-01-31 12:54:39.161
2c2f2b82e2ae4267b60281b21a0129ce,0.0010538101196289062,L3,2025-01-31 12:54:39.188
3183cf89cac64978aa777d70dd19509c,0.002434968948364258,L3,2025-01-31 12:54:39.220
9a3196e41ec34df3b319ddbfcaf81570,0.001271963119506836,L3,2025-01-31 12:54:39.638
a66457e750ec4e858dfff3003500c651,0.009589433670043945,L2,2025-01-31 12:54:39.693
491e09b824a34ef394ecbbd6945ddc4d,0.01015162467956543,L2,2025-01-31 12:54:39.756
4c82a4801206418aa04910f7568fbaba,0.04930281639099121,L2,2025-01-31 12:54:39.862
e25abae801df4672a50b39a1d6ed7bf0,0.0015573501586914062,L2,2025-01-31 12:54:39.910
96b34ce3c7154dc9b8fb07fd4dd7f954,0.0029757022857666016,L2,2025-01-31 12:54:39.953
9176416bc9264c06a3f225365cd7e710,0.004146575927734375,L2,2025-01-31 12:54:40.025
2ae52c6b4a8b43fe838a7d4777cb8eb6,0.003351926803588867,L2,2025-01-31 12:54:40.089
cb54d147b27c42dd9ded1818ce91db63,0.0032052993774414062,L2,2025-01-31 12:54:40.172
36cf0470509f497db4fbccf87783546d,0.003200054168701172,L2,2025-01-31 12:54:40.218
7a9e433870de41d5bcf79842879d4dc9,0.0014314651489257812,L3,2025-01-31 12:54:40.352
a26722d80f7e4cf2ac2e44d87f94bd5d,0.0016858577728271484,L3,2025-01-31 12:54:40.773
f20789354cde42b7bc8fc0ee4601f07a,0.001596212387084961,L3,2025-01-31 12:54:40.802
4f00c3664f224e95b359f78f35e76be4,0.0029239654541015625,L2,2025-01-31 12:54:40.907
0f90064d669049ff8fa865e710f7dd50,0.0012385845184326172,L3,2025-01-31 12:54:41.166
5eb39134f2cc4425a20a3b38cb9ec11f,0.001348257064819336,L2,2025-01-31 12:54:41.272
0aaa15239202462e901093748249111a,0.001283407211303711,L3,2025-01-31 12:54:41.468
6a7adb4af52a4cda90f0663cd7e83d51,0.001402139663696289,L2,2025-01-31 12:54:41.519
84d0ff8059a3455bbd3575c344109ebb,0.0034415721893310547,L2,2025-01-31 12:54:41.572
612e7f9b853e4f059ac40fc7cc38c290,0.0013401508331298828,L3,2025-01-31 12:54:41.662
fcb41024cf564e01abfc88c5de836b8a,0.02034282684326172,L2,2025-01-31 12:54:41.725
0d7f35bc77a44567a58f514f743cafde,0.002424478530883789,L2,2025-01-31 12:54:41.884
ca52d9fc1e7b4544946ca5c84f92894a,0.0010836124420166016,L3,2025-01-31 12:54:42.006
83865523480d49948dae8b5bdef6b96e,0.0022687911987304688,L3,2025-01-31 12:54:42.037
3addcce3046c42ea90dbb8714234fc93,0.043030500411987305,L2,2025-01-31 12:54:42.401
90668ba82c1f478b98288b4623528c76,0.0029540061950683594,L2,2025-01-31 12:54:42.447
1ba1b51165ff44f1b87fbb4d1893dcf9,0.0034563541412353516,L2,2025-01-31 12:54:42.492
3b34d072e8114865a534902744d5a8ba,0.004168987274169922,L2,2025-01-31 12:54:42.555
f4eb6c9694924b3b835995843f01a861,0.003381967544555664,L2,2025-01-31 12:54:42.599
6311db6b421a45ea9e56f2402d63c1ad,0.0013048648834228516,L3,2025-01-31 12:54:42.706
1500e7484b404bfd8b91c4071eaa4b13,0.0012764930725097656,L3,2025-01-31 12:54:43.098
f6821b3b7dc34754a0e8df8bdb2f1a55,0.003090381622314453,L2,2025-01-31 12:54:43.119
f9bfc8344fa145b6b17bbd184ba8ccaf,0.0011284351348876953,L3,2025-01-31 12:54:43.216
447574438805447bb6156f3d839db0e6,0.01366734504699707,L2,2025-01-31 12:54:43.566
a40450afc5d84445932eaa55cf38f754,0.013798713684082031,L2,2025-01-31 12:54:43.622
ba7852ad744c4e779ce300909086c985,0.004030466079711914,L3,2025-01-31 12:54:43.658
3583dac4083e4c5c95d59840cddec39a,0.003922700881958008,L2,2025-01-31 12:54:43.669
161eac4fcf8c4060bb13a3c41b5edc66,0.0024743080139160156,L3,2025-01-31 12:54:43.693
b1b31b1710454dd7a676ecc675f98fd3,0.0030677318572998047,L2,2025-01-31 12:54:43.716
f69ae0157a294c419dc8e86cb837f79b,0.0014328956604003906,L3,2025-01-31 12:54:44.134
06320a2789834f578025a14f09b8d144,0.0013689994812011719,L3,2025-01-31 12:54:44.160
c01b8c28eab34e2c8bb1e5e2664ee292,0.0013573169708251953,L2,2025-01-31 12:54:44.192
66dd46cf2eb14189b1ad4260f556d7ef,0.0022482872009277344,L3,2025-01-31 12:54:44.292
dfb72eda48e5425b9d3a047f78f6b8a1,0.0022966861724853516,L3,2025-01-31 12:54:44.321
b7407dc85c564a4daaea1971f7a8b915,0.0026273727416992188,L3,2025-01-31 12:54:44.355
03cf4c12ecbf43e4b0f5ce8227845af3,0.011232137680053711,L2,2025-01-31 12:54:44.846
5fd3223e08c9404583128e0c5ea2de24,0.0021576881408691406,L2,2025-01-31 12:54:44.903
3c11a02bccce4ba8a82f96b7b262900a,0.001253366470336914,L2,2025-01-31 12:54:45.068
9b78b87780714b38804298c0861391a0,0.0014314651489257812,L2,2025-01-31 12:54:45.105
eea5d194f1f94f99b4b6518152c27438,0.0030663013458251953,L2,2025-01-31 12:54:45.780
1ecbc24d19d0446a83886d1d62e72b18,0.0036139488220214844,L2,2025-01-31 12:54:45.824
d209fef2fd3248148d84ebdb2637dbba,0.003573894500732422,L2,2025-01-31 12:54:45.894
a1bfa7b6d1fe4277b8442cc3f2e9ba3f,0.0034139156341552734,L2,2025-01-31 12:54:46.268
c7976c7bb7644a00ac389564f507d45a,0.001039266586303711,L3,2025-01-31 12:54:46.420
639afab2ab074bdfa71980fdc305c6c1,0.0011239051818847656,L3,2025-01-31 12:54:46.973
2e5c2945ff8c468883046fac93b63845,0.0023305416107177734,L2,2025-01-31 12:54:47.097
bed58ceb132243d5aa72692d67530120,0.001177072525024414,L3,2025-01-31 12:54:47.161
4a5d33fa00b9460fb53605ea4ca5859c,0.011130571365356445,L2,2025-01-31 12:54:47.378
5f9ffade585544fdb7c045940a302206,0.004362821578979492,L2,2025-01-31 12:54:47.426
e949d26cb76a44779a61303a6bd4f82c,0.0012505054473876953,L2,2025-01-31 12:54:47.559
249ed7115924484d9d6730878d2dacdb,0.0012309551239013672,L3,2025-01-31 12:54:47.639
b0839a4f9b2a49a5b3e76112a4367edb,0.003293275833129883,L2,2025-01-31 12:54:47.946
c257d1d99641488d9514b0bbe47881a7,0.0010700225830078125,L3,2025-01-31 12:54:48.053
557e92a040784e42bc7b954df75f0d7a,0.0011093616485595703,L3,2025-01-31 12:54:48.078
1e59071f28e04916a52b653c9c106691,0.0012226104736328125,L2,2025-01-31 12:54:48.114
87f1c94e298140d78b4b71398cef3ace,0.004255056381225586,L2,2025-01-31 12:54:48.212
48da377fbc0e49e9aeeb468e99c7dca5,0.0011837482452392578,L2,2025-01-31 12:54:48.545
71734df090aa450d888c69b4658237be,0.0010344982147216797,L3,2025-01-31 12:54:48.575
dd0eeaadc4264386b96516c3b3df1491,0.0013737678527832031,L3,2025-01-31 12:54:48.602
c37c02a2466549a5baf13ae6dde67f87,0.0011162757873535156,L3,2025-01-31 12:54:48.708
d5cd3c7ae7824e61a12c0d80139ddb6b,0.0014522075653076172,L3,2025-01-31 12:54:48.734
a134effdfbc94aa18ef486ef85949e6a,0.002133607864379883,L3,2025-01-31 12:54:48.869
8c66191ad1fc45b0a510df63521c1f1a,0.0012252330780029297,L2,2025-01-31 12:54:49.165
75da7d8a4fff434c87d7408d34f50788,0.0012884140014648438,L3,2025-01-31 12:54:49.364
63e143aa11194af093003b33ed408c57,0.0019428730010986328,L3,2025-01-31 12:54:49.391
c8b558d7fc5840209ce3f7c6973dd2ec,0.0012562274932861328,L3,2025-01-31 12:54:49.418
a6a576eac0e54451bbfb97b250996d11,0.0013418197631835938,L2,2025-01-31 12:54:49.456
c461aabe938840498f0b8a578ea3af3f,0.0012977123260498047,L3,2025-01-31 12:54:49.889
4fff37324a1540dbb2db5f0d066a3bb6,0.0013325214385986328,L3,2025-01-31 12:54:50.138
aceeaa1303644b98bdfc061695c15930,0.010023117065429688,L2,2025-01-31 12:54:50.234
2094eaf4b9344473adc1128bb2057112,0.0014913082122802734,L3,2025-01-31 12:54:50.257
f602b64ce25e4b849e535f47e8c778b7,0.0011990070343017578,L3,2025-01-31 12:54:50.283
900da6ac40dc42c1a5875fb3eb9370d5,0.0049707889556884766,L2,2025-01-31 12:54:50.286
b0670347d9e84109b34a4dcf31d6f439,0.0025255680084228516,L2,2025-01-31 12:54:50.356
aac20065ee134f40beccca1ca9a09256,0.012469768524169922,L2,2025-01-31 12:54:50.409
cfae39ee97ea46beb14c9e2e1e045f47,0.02081012725830078,L2,2025-01-31 12:54:50.474
1941c3dadc6948f8a98680227adb64a7,0.002918720245361328,L2,2025-01-31 12:54:50.722
248ccde2d7f04158b1991ad99c8f629d,0.0014777183532714844,L2,2025-01-31 12:54:50.763
cbbcea89d9e842f0bf342903a2b39870,0.001999378204345703,L3,2025-01-31 12:54:50.892
355ec2dc1eff41f9997d8e59d2aad411,0.0018298625946044922,L2,2025-01-31 12:54:50.997
0546832626b24d4ea809aab724d3fed8,0.019968032836914062,L3,2025-01-31 12:54:51.218
5842f8ba44c34db58d447bc2d1d702f5,0.0012345314025878906,L2,2025-01-31 12:54:51.633
f40a665e12ef4113889f9c15afb74dfa,0.0010950565338134766,L3,2025-01-31 12:54:51.671
c2d371fcefc34485a8c85d6e1c24268f,0.0013594627380371094,L2,2025-01-31 12:54:52.068
2aebe00a7c6947b6bb271f9fd3d94b26,0.0020940303802490234,L2,2025-01-31 12:54:52.113
d9381c8fe2bb4c9c96ec673aaa6bc912,0.030620336532592773,L2,2025-01-31 12:54:52.256
aabf6d5b6f9d4e0aae73720f1665d4b3,0.0019698143005371094,L2,2025-01-31 12:54:52.318
096b499bbaf341bc8ff6a0a4a4f005f2,0.0022852420806884766,L2,2025-01-31 12:54:52.402
03c4b88dbf804556a68efa035c72e139,0.0013396739959716797,L3,2025-01-31 12:54:52.785
c687a6285d414d529e8fe4c539331f70,0.0031342506408691406,L3,2025-01-31 12:54:52.815
c88a9cdc676c49328d3dd82b43628818,0.0017216205596923828,L3,2025-01-31 12:54:52.844
55ab6b9568ff4dc282384af01b1fd62c,0.0010924339294433594,L3,2025-01-31 12:54:52.875
5fceeab889334ee699476024b6c6bb0c,0.009917497634887695,L3,2025-01-31 12:54:53.829
eeaa10b79c4c4e5dac2e0fb74f55cb83,0.0011420249938964844,L3,2025-01-31 12:54:53.855
941757c6f42446c89e78bb1f06d9af72,0.0015184879302978516,L3,2025-01-31 12:54:53.882
e581b18f115b447f985e91c2801a9a74,0.08488011360168457,L2,2025-01-31 12:54:53.949
64da69889bb84072976f09aeac05a3b1,0.015310287475585938,L2,2025-01-31 12:54:54.026
7cc0e6236edb4061b57142ba3a34baec,0.01088094711303711,L2,2025-01-31 12:54:54.133
0f10dc095e2846198dd93f54e40e420d,0.0012745857238769531,L3,2025-01-31 12:54:54.177
03dd64bd03564f069708b865860b8104,0.0016226768493652344,L3,2025-01-31 12:54:54.207
f2d843c188aa480eab95b71eef63a5fb,0.010933637619018555,L2,2025-01-31 12:54:54.228
64895e4dd4c246ddb4c0161e2a5bb16a,0.0016672611236572266,L3,2025-01-31 12:54:54.274
9dbaf1ae2fff4796a04bd65b896492ef,0.03857421875,L2,2025-01-31 12:54:54.327
d959700b72ab4b5f8d4ab9adbd879b92,0.003618001937866211,L2,2025-01-31 12:54:54.392
a067a9f494a44b628e5e1b85afc3754f,0.013806343078613281,L2,2025-01-31 12:54:54.445
8b046f47421e4b6292e01d06a8898100,0.0032622814178466797,L2,2025-01-31 12:54:54.490
d8c7246485224164a15693cf43c60918,0.05841541290283203,L2,2025-01-31 12:54:54.634
9c5c5bba2e6541748f4691ffc8ab2c31,0.004249095916748047,L2,2025-01-31 12:54:54.699
f93d9d6c9c7d4502b8700b532dbdca9a,0.00313568115234375,L2,2025-01-31 12:54:54.797
bf24d25f16d743d48a83e00bee4226a9,0.003314495086669922,L2,2025-01-31 12:54:54.843
702682b1ddde417cbb80464e29e24e6a,0.0011410713195800781,L3,2025-01-31 12:54:54.937
5782076085094a4e8c5341ab5cb94959,0.0015633106231689453,L3,2025-01-31 12:54:54.964
98226a12cd1f4efc8f2ff34999cbb0fd,0.001413583755493164,L3,2025-01-31 12:54:54.993
a114b8b8a29a47df8a53ce2469444ad4,0.04237675666809082,L2,2025-01-31 12:54:55.007
53f2a2583df64e2197a6742d62309da1,0.0015530586242675781,L3,2025-01-31 12:54:55.021
7edb40e9d137443b845d1f1ebba5310e,0.004332304000854492,L2,2025-01-31 12:54:55.053
2d1a1eb2a0e74b56be23df54342e3c65,0.0028755664825439453,L3,2025-01-31 12:54:55.056
125ac4dd09d84dbfadb36ba720aaece0,0.003100872039794922,L2,2025-01-31 12:54:55.100
8228cc2395d04326b66dde63b57ef02a,0.021456003189086914,L2,2025-01-31 12:54:55.183
e43cf0d0c7fc4b86a9268935822e8e70,0.004446983337402344,L2,2025-01-31 12:54:55.230
38ad901361184631825a6fde87729c76,0.003096342086791992,L2,2025-01-31 12:54:55.294
475a871e77a846198d2d69cb8d64954e,0.004642009735107422,L2,2025-01-31 12:54:55.360
dcb7e796217f4012a8d3a3eb23ba5a68,0.003373384475708008,L2,2025-01-31 12:54:55.422
7d64a7771436401d8d1fb56ad4469f7e,0.013575315475463867,L2,2025-01-31 12:54:55.478
fc8de6fffb4043b98cd44122e49bee26,0.009730100631713867,L2,2025-01-31 12:54:56.147
b5c2e4630a87456cbec11c7e288f1c1c,0.004255533218383789,L2,2025-01-31 12:54:56.375
403f249637e046bb86e0c2f85c83ff51,0.0013887882232666016,L2,2025-01-31 12:54:56.414
9506dac63a6346b5b017aece5d94289d,0.019124984741210938,L2,2025-01-31 12:54:56.473
03d11ece9a6346bdbbb289743b3ca686,0.0036780834197998047,L2,2025-01-31 12:54:56.535
0741195d4980427c80fad797d1f4b8a3,0.0034265518188476562,L2,2025-01-31 12:54:56.602
d23102e822dc4becbd360cfce52d0c31,0.0010962486267089844,L3,2025-01-31 12:54:56.922
c0626ef759904ddf9c78d1be35aac238,0.0011963844299316406,L3,2025-01-31 12:54:56.948
6e83da17af3a40a293c2a47ccb1a0c23,0.001589059829711914,L3,2025-01-31 12:54:56.974
bae0accc69bc429bb729a08086345995,0.0014269351959228516,L3,2025-01-31 12:54:57.001
6f59fafdb17d4df4b007f95a74fdb321,0.0015552043914794922,L3,2025-01-31 12:54:57.987
f06858e98c7a48db844612455aa1e80d,0.0019598007202148438,L3,2025-01-31 12:54:58.019
8dbef4aa9a3c40a78e09d347ba3fd5c0,0.0014033317565917969,L2,2025-01-31 12:54:58.053
08c13e4de89d46a991cc7de88799eaf3,0.007787942886352539,L3,2025-01-31 12:54:58.090
eeef74c3c723405eb261597817d4e415,0.010560274124145508,L2,2025-01-31 12:54:58.118
ca006819c10b4e11ac1f4d36fd940acb,0.0020520687103271484,L3,2025-01-31 12:54:58.125
d1a78db041634a2abeb41b545fd74e8f,0.002417325973510742,L3,2025-01-31 12:54:58.157
2bdb3f8291564e85a5725062caf652f4,0.0024285316467285156,L2,2025-01-31 12:54:58.161
7e66eb6bf8b841a18d4f90e797ed3d86,0.0022187232971191406,L3,2025-01-31 12:54:58.190
dffd38aec8874533b945f407222ee7b8,0.0024404525756835938,L2,2025-01-31 12:54:58.241
78b30d604402447b852be930d0b411fc,0.002482891082763672,L3,2025-01-31 12:54:58.259
7d0f47d6dc144b65b65008afb8a0afe8,0.022776126861572266,L2,2025-01-31 12:54:58.317
0b003828b4374eeaaa06a9991848b31f,0.003349781036376953,L2,2025-01-31 12:54:58.362
8670e2345dc346079cf4143d8ebd11f0,0.0032563209533691406,L2,2025-01-31 12:54:58.416
4003ed2a299149b5bd6a7aeef0be15a8,0.05809974670410156,L2,2025-01-31 12:54:58.517
e9baa7aba9cc4224ae6a1d14a514b3dc,0.006133317947387695,L2,2025-01-31 12:54:58.566
8eb248cdb6a4491cb98889609c3e12d5,0.04239082336425781,L2,2025-01-31 12:54:58.649
35197909f5fa4a2e8a58aa46c58a36b6,0.020301103591918945,L2,2025-01-31 12:54:58.710
f927eada95764702866da6e2826aad77,0.003648042678833008,L2,2025-01-31 12:54:58.776
6f7e057e27ed49a2937c372c8cb4fd24,0.0010113716125488281,L3,2025-01-31 12:55:02.040
222d0d6c26234311b3df2f0c01e82f09,0.004004716873168945,L3,2025-01-31 12:55:02.064
99f03f1ba46d40cf8e5a6583918bcc22,0.001684427261352539,L3,2025-01-31 12:55:02.089
a86fe76b85b54234945f7cb7f907ad07,0.0011186599731445312,L3,2025-01-31 12:55:02.116
32c06493c3eb4efda0b4db571d91c715,0.003187894821166992,L3,2025-01-31 12:55:02.145
ee3b5446ff5a47da8317c86e313e0764,0.004393339157104492,L3,2025-01-31 12:55:02.179
b7ffbbd8b509487cac5ad51cebaa6e14,0.0051424503326416016,L3,2025-01-31 12:55:02.215
ee7111404aad433fbce525e5f157b898,0.002199888229370117,L3,2025-01-31 12:55:02.249
523b4087ebec4a418f372d8e4b1c6c43,0.002971172332763672,L3,2025-01-31 12:55:02.495
774dff44ca88436fbdaff8ca6997ce42,0.002765655517578125,L3,2025-01-31 12:55:02.906
799ac0d53b7b4ba3b40c7e23c12d99ed,0.00121307373046875,L2,2025-01-31 12:55:02.927
706315118cf94dfa9628f2c87d286878,0.0025823116302490234,L2,2025-01-31 12:55:03.347
7bb6d097d6f7422d84533a46c62ac6bc,0.0013043880462646484,L2,2025-01-31 12:55:03.604
e6d4381fecf241cfa8700da7bc86587b,0.004091739654541016,L2,2025-01-31 12:55:03.978
0d59db3634ac4d55b8d1b760f1663252,0.0031502246856689453,L2,2025-01-31 12:55:04.395
07573ea3d2f94e2f8e707a46e024d862,0.0012919902801513672,L2,2025-01-31 12:55:04.475
68c03264d131466cbe71f840168d5bfc,0.0018239021301269531,L2,2025-01-31 12:55:04.574
29d44943326942f6870c3c8d7c1038be,0.003393888473510742,L2,2025-01-31 12:55:04.659
a7b905579ba041a198fb0e75fe3d43d0,0.002089977264404297,L2,2025-01-31 12:55:04.859
141ed56bffc74d879ee0d611379c2ca7,0.019521236419677734,L2,2025-01-31 12:55:04.941
6e24cb1f8c304287b618de8f79ba0438,0.0035953521728515625,L2,2025-01-31 12:55:04.985
6e518e8707c245879997f8c635d282ff,0.0033376216888427734,L2,2025-01-31 12:55:05.027
1b93ddf1a8c04571a8c1aa73a65f9f4d,0.0027391910552978516,L2,2025-01-31 12:55:05.070
d8a27a6ef60b43d39d84162f5f0dbd60,0.010982513427734375,L2,2025-01-31 12:55:05.123
fe256bbea93d49c18d019b918c51a765,0.0430302619934082,L2,2025-01-31 12:55:05.207
bf504f26a85d496dbc5fd024036a333b,0.004324197769165039,L2,2025-01-31 12:55:05.369
106f59c4bf1f41919c0bec881f1f4e24,0.0010683536529541016,L3,2025-01-31 12:55:05.558
477473bea4d0442aa875185e6e41f8be,0.0028345584869384766,L2,2025-01-31 12:55:05.865
6a47801a61024d04aa3ee80a858ae92c,0.003094196319580078,L2,2025-01-31 12:55:05.930
8d34828a3b714ba498762584d8967363,0.012445449829101562,L2,2025-01-31 12:55:05.986
85705d84afaf4b50b3aacdf50d42eba6,0.004593849182128906,L2,2025-01-31 12:55:06.053
4ee5be635f38400dad1e28ac0be0f750,0.0011982917785644531,L3,2025-01-31 12:55:06.524
66ff8a9a52ac43a4ae3158a89b74c5aa,0.0031898021697998047,L2,2025-01-31 12:55:06.832
fab61c7957e643bca767a02d6ac1ab6e,0.0032494068145751953,L2,2025-01-31 12:55:06.930
e60623bc878c4d2d909afdc2758d14eb,0.018010854721069336,L3,2025-01-31 12:55:08.851
0c8c1f8d29274daeae9139f0cdd28518,0.0038840770721435547,L3,2025-01-31 12:55:08.895
4f411ff09a6948f5b8533fc4d6c96679,0.0026171207427978516,L3,2025-01-31 12:55:08.931
d684a93847b0404096d4397547d83306,0.003545045852661133,L3,2025-01-31 12:55:08.986
8a9b7eee04a1482594ff1c08eeba8be8,0.0024034976959228516,L3,2025-01-31 12:55:09.091
1fec45b5ebc8430ebd111e12db236e94,0.0021305084228515625,L3,2025-01-31 12:55:09.123
4ff49950aaf246f69462e13d96e19f40,0.0028884410858154297,L3,2025-01-31 12:55:09.174
96318a78cb494ff780e881ecfa5a3149,0.004506111145019531,L3,2025-01-31 12:55:09.208
b16956c921e240d9bf5ef5b48ea6ba4e,0.002564668655395508,L3,2025-01-31 12:55:09.262
2fa7f66075b645e480267e127ac57ab4,0.002315998077392578,L3,2025-01-31 12:55:09.296
fced8ebe2cd2440db54f38e7e5ebc90f,0.004210233688354492,L3,2025-01-31 12:55:09.353
9b20f0886d6745c2af915132e92b23f2,0.0026845932006835938,L3,2025-01-31 12:55:09.387
804b942850f249be89c5088bc9f8b8b5,0.002279520034790039,L3,2025-01-31 12:55:09.421
4f05d36bb33649f0b2bce27d2e61a360,0.02120184898376465,L3,2025-01-31 12:55:09.491
ee4b0a7fde27440c98bb40925fa421c3,0.0022563934326171875,L3,2025-01-31 12:55:09.525
daa0d6e6b0294d8a887617daa266e010,0.002181529998779297,L3,2025-01-31 12:55:09.556
654f2a4a8103474c865b37af68db7de6,0.0031592845916748047,L3,2025-01-31 12:55:09.589
14921128551348fba24051fb08c6ab2f,0.0031020641326904297,L2,2025-01-31 12:55:09.609
7b07fc65c7f1485c89f711369f8fa41d,0.013179302215576172,L3,2025-01-31 12:55:09.632
4d62b63f4c6d4a29be8148e112fa1830,0.0022323131561279297,L3,2025-01-31 12:55:09.664
d288001d33b7468f8dfb53db81c3890c,0.0027298927307128906,L3,2025-01-31 12:55:09.698
64d869805f604e74bd3763a61d130583,0.0022215843200683594,L3,2025-01-31 12:55:09.731
b4d576f5f6b84d70b950f5c8c75050f1,0.01436161994934082,L2,2025-01-31 12:55:09.772
9fd78bf707744eedb2bf803bc24953bd,0.0023462772369384766,L3,2025-01-31 12:55:09.776
acbb5bc3663145e6ae641f571dada635,0.002302885055541992,L3,2025-01-31 12:55:09.809
fb9816c67e7e445ca94aa41300c88d70,0.0037546157836914062,L2,2025-01-31 12:55:09.818
e8f817483b3643c8b41e6ced173ac7c5,0.0022516250610351562,L3,2025-01-31 12:55:09.865
75d35cbda59747bfb979e326e206df6d,0.003448009490966797,L3,2025-01-31 12:55:09.951
11a4180ac1eb4e2e9e4674e54502eda4,0.0042438507080078125,L2,2025-01-31 12:55:10.006
04e7e54ad571404ab394650fdcf2f551,0.0039014816284179688,L3,2025-01-31 12:55:10.040
a106abc97d0c4dbe87ffed737f6d2ced,0.0032951831817626953,L2,2025-01-31 12:55:10.118
3da9c5ca1b6a471abe74008fda5a2e9c,0.057454586029052734,L3,2025-01-31 12:55:10.129
99df101b721c43b0ab40652f74355893,0.003211498260498047,L2,2025-01-31 12:55:10.163
9f39b85088e14d519fa088d02cbf6e1a,0.0032210350036621094,L3,2025-01-31 12:55:10.163
f900faf71680420198fbe4ae0ee3d9f2,0.01661825180053711,L3,2025-01-31 12:55:10.241
8cd7f9b705564403afbd3fa32b06d7e4,0.003923654556274414,L2,2025-01-31 12:55:10.266
9b15e99e53934f6596e2d16319dd173f,0.021721839904785156,L2,2025-01-31 12:55:10.351
0a2a2bd47fe148039ecba7dd7ab42966,0.02409815788269043,L3,2025-01-31 12:55:10.407
72c92ba130954516b95c7aee87cb8d1c,0.005723476409912109,L2,2025-01-31 12:55:10.503
44df09e3678a4a768e2ba70db1f2a680,0.003640413284301758,L2,2025-01-31 12:55:10.548
38204b83ae8d45958f15d9e44fe2f70b,0.0012199878692626953,L2,2025-01-31 12:55:10.814
00a6533ca8dc43108b426e0ade182133,0.0014429092407226562,L2,2025-01-31 12:55:10.852
e1656a8b062e4f9e9f6c13469034f3ee,0.0013387203216552734,L3,2025-01-31 12:55:17.218
bc64cd534aa94c6b8013b65cf1169c2a,0.003791332244873047,L3,2025-01-31 12:55:17.283
869d229b3758460495a3d86615fe77e6,0.0019066333770751953,L3,2025-01-31 12:55:17.312
80917571037c415e89555605a4f9d6fc,0.002663850784301758,L3,2025-01-31 12:55:17.388
fe73df7082794379aa990258ae5129ab,0.003087759017944336,L3,2025-01-31 12:55:17.419
23a41ae232c84fc2a6541bfac0a87177,0.002065896987915039,L3,2025-01-31 12:55:17.447
9f9c1f41bb774fa3bd677cfe2e52f630,0.001615285873413086,L3,2025-01-31 12:55:17.474
afb3e9838f594bd8a20242d3ea7f54c3,0.021664857864379883,L3,2025-01-31 12:55:17.595
a8236ac1a68049b2ae933dbaa5b939fa,0.023978710174560547,L3,2025-01-31 12:55:17.650
a81df6b00f484184a89515eb527aa0a3,0.0019371509552001953,L3,2025-01-31 12:55:17.682
1ec8b2b817d14e479930bd3888c25777,0.0034971237182617188,L3,2025-01-31 12:55:17.712
798e8e8cd8ac427db80ecc8f7426b842,0.002084493637084961,L2,2025-01-31 12:55:19.330
ca20858e4dab4408b1ea7b49b909ac4c,0.0017924308776855469,L2,2025-01-31 12:55:20.557
5588b9b4db9e4e4f8b453aa99c3460a3,0.0014998912811279297,L2,2025-01-31 12:55:20.813
dcb004ff21d241af95d16b7fba8d2722,0.0029828548431396484,L2,2025-01-31 12:55:20.866
39f1aaef408d43e193b1acb808b20e9d,0.037789106369018555,L2,2025-01-31 12:55:21.012
1dac9cef0f8442a89badcf64a8697bd2,0.011430740356445312,L3,2025-01-31 12:55:21.018
f2feb6c3f31b4afaa9b7f869ea74b44a,0.0036323070526123047,L2,2025-01-31 12:55:21.108
5fff8262f7d645bca82197516a407bd9,0.0014445781707763672,L2,2025-01-31 12:55:21.187
416862aae8934faa967fd3ab07da9d03,0.019813060760498047,L2,2025-01-31 12:55:21.283
20c147295fdd4f9786397cb322ae513a,0.030131101608276367,L2,2025-01-31 12:55:21.386
3932bff5561f463f8cefc25efbca6cbe,0.0027773380279541016,L2,2025-01-31 12:55:21.430
5859594e77144a64a1eec9caf26ac3d0,0.012162923812866211,L2,2025-01-31 12:55:21.497
a4d10715639249bbac2a3d7336177b78,0.0020411014556884766,L2,2025-01-31 12:55:21.558
70a7bbac208a40cbb93132b5be7c1069,0.0017287731170654297,L2,2025-01-31 12:55:21.632
a1bb361da70a449fbc61f753a62969f6,0.06628298759460449,L2,2025-01-31 12:55:21.783
091b8701b841464db0c0709d624d4fd2,0.038867950439453125,L2,2025-01-31 12:55:21.885
50c87c0941b04c16ac06375923c06e89,0.0021860599517822266,L2,2025-01-31 12:55:21.984
a7ead01e215247b7bcdb37be94c62f73,0.0013124942779541016,L3,2025-01-31 12:55:22.001
cf13dc5bed844537a4d481ce63a04a21,0.003922939300537109,L2,2025-01-31 12:55:22.027
dde7af05579043b39b55032a0870a911,0.030135154724121094,L2,2025-01-31 12:55:22.111
7243d99dfb08448fa2b2722667be022c,0.0013408660888671875,L2,2025-01-31 12:55:22.154
181f5590a1b644e1a44c0e0bd2901415,0.001979827880859375,L2,2025-01-31 12:55:22.196
f1ce09e98cbe43e18fc2a4d511fc0551,0.020368337631225586,L2,2025-01-31 12:55:22.318
7f05a60c533a4bc4b8ace46118a08ff3,0.0022735595703125,L2,2025-01-31 12:55:22.361
b563b082fccf452cbf5e95e612528165,0.0027573108673095703,L2,2025-01-31 12:55:22.441
ca707bebbdbd444ba25d47da2d839e4c,0.0015683174133300781,L2,2025-01-31 12:55:22.484
adc614fd149448e2a04c9f6cf12ee48f,0.018766403198242188,L2,2025-01-31 12:55:22.546
33b4301ff2604073b3cef4f640cd437c,0.0017387866973876953,L2,2025-01-31 12:55:22.608
a4b41242438543419c0ffb6b2ae80c5a,0.02342510223388672,L2,2025-01-31 12:55:22.688
747afd06616842c082fa20c04c746c85,0.020465373992919922,L2,2025-01-31 12:55:22.749
14178ce48fdb4fd6b2e1626042617091,0.0016601085662841797,L2,2025-01-31 12:55:22.791
1451b153687a4584938cee6ce73ee20c,0.019526243209838867,L2,2025-01-31 12:55:23.013
189d605e4b814151a73a58e26597744e,0.00162506103515625,L2,2025-01-31 12:55:23.098
c04ab115b3984dc69c70845f9187b2b0,0.0012466907501220703,L2,2025-01-31 12:55:23.177
98adfde01cf54d1391774c78499b2c2f,0.0024967193603515625,L2,2025-01-31 12:55:23.220
06ce7f071e2e4a6b968c736bed70e89a,0.0020198822021484375,L2,2025-01-31 12:55:23.395
46bf8779ad95407fa620e84da2f812a1,0.020528554916381836,L2,2025-01-31 12:55:23.458
29fa9209145942b488962e52fc2e0e43,0.001630544662475586,L2,2025-01-31 12:55:23.501
775115a903cf4ae893902eb9aa8f8dc3,0.0012066364288330078,L2,2025-01-31 12:55:23.646
672ab599779f4234b92f88ebfec1a470,0.0013337135314941406,L2,2025-01-31 12:55:23.724
176989e5d21345dd8d009ce34927c197,0.0012116432189941406,L2,2025-01-31 12:55:23.911
13ff462b7bec401788b8cb2634e6ea8b,0.002009153366088867,L2,2025-01-31 12:55:23.953
4a647c1b309443dfa055248a4202c021,0.0013422966003417969,L3,2025-01-31 12:55:24.098
0ec37c91351b4ecfb56e280a5925c5f5,0.001148223876953125,L3,2025-01-31 12:55:24.124
ab40f03fd1b94ff4a526a5001ac7f96d,0.001079559326171875,L3,2025-01-31 12:55:24.154
13b166126153436fa29126187f40ce21,0.002412557601928711,L3,2025-01-31 12:55:24.186
ace103ae1675465e99e552d95882bc23,0.0015213489532470703,L3,2025-01-31 12:55:24.217
654284a7caae4223bdcca835be83660d,0.0011050701141357422,L3,2025-01-31 12:55:24.285
42e8074e7d074b15a82422a4eb7c33bf,0.001355886459350586,L3,2025-01-31 12:55:24.318
87aa223b56bd48c59093bcbf6a6e99e0,0.05354595184326172,L2,2025-01-31 12:55:24.333
c080717ee2d54e36a56c83ece656041c,0.002969026565551758,L3,2025-01-31 12:55:24.351
f41832a1832941509197a219e4649cee,0.002189159393310547,L3,2025-01-31 12:55:24.403
bf36262f611c46679e693a72367453b8,0.020406723022460938,L3,2025-01-31 12:55:24.491
499bd0824a86442db2051f16a5bcc4f8,0.0013649463653564453,L3,2025-01-31 12:55:24.542
7c522805f907440cbecb64fbd5ba3f04,0.002972841262817383,L3,2025-01-31 12:55:24.573
573c108f35c9446aa9c21ef6e2df4125,0.0012369155883789062,L3,2025-01-31 12:55:24.604
2df090b1c3b74f4ba386cc825e676cd4,0.0012519359588623047,L3,2025-01-31 12:55:24.671
49bdab4786ee4697b95206c642bbe8fa,0.0023255348205566406,L3,2025-01-31 12:55:24.704
5def850e206a427197ee5bf6ca617eba,0.0023033618927001953,L3,2025-01-31 12:55:24.739
52da282bad614cbeacd4779482b0054f,0.0024080276489257812,L3,2025-01-31 12:55:24.826
4686b961085a4cc5b69b722a6a2a5a69,0.004752159118652344,L3,2025-01-31 12:55:24.881
9f3746204b7d48f191b3f8205ef9db49,0.0027933120727539062,L3,2025-01-31 12:55:24.951
7e690b5086174058ace70a6268cb8f80,0.002849578857421875,L3,2025-01-31 12:55:25.004
f796e031ea0543cdb2e664e60a880098,0.0026826858520507812,L3,2025-01-31 12:55:25.057
4d0c80c9fd4242e8bfed79ff6e029387,0.0019855499267578125,L3,2025-01-31 12:55:27.901
41c1d364a4db4c8c9fe6a376c00b90ff,0.0011913776397705078,L3,2025-01-31 12:55:27.928
fb03f62b68f24e269b2b05e283498344,0.0012896060943603516,L3,2025-01-31 12:55:27.997
af4868c413df4522ae0a3adc856b20ad,0.0021162033081054688,L3,2025-01-31 12:55:28.027
a3276199d93f4580a32758c21036ccb8,0.00110626220703125,L3,2025-01-31 12:55:28.053
4f2edb559e7c46c5bb009bc72b3b8805,0.0017571449279785156,L2,2025-01-31 12:55:28.064
ad409b5e189b45c1ac161381a183ae83,0.0029344558715820312,L3,2025-01-31 12:55:28.098
0cd258969e624a7c947acbb4faffaa21,0.001088857650756836,L3,2025-01-31 12:55:28.125
47056f5f9a8e42a8b663d4a3158ca4dd,0.0013439655303955078,L3,2025-01-31 12:55:28.152
05fdff3c14e44df29dc23d1ee12eca88,0.002109527587890625,L3,2025-01-31 12:55:28.178
b586643e648142c49c559c21be9bef8a,0.0014832019805908203,L3,2025-01-31 12:55:28.204
cac2d38fca244c369d45dc44e708775e,0.0012562274932861328,L2,2025-01-31 12:55:28.266
7bf3f275852c4dee8523393973d5410f,0.009783506393432617,L2,2025-01-31 12:55:28.310
371c79f085ec4c168c24015c6568aaf7,0.001546621322631836,L2,2025-01-31 12:55:28.350
33c39036f5ae4fa58b2d1b0c149484e7,0.0020112991333007812,L2,2025-01-31 12:55:28.415
285d6f2584e947dc881abde5bff2f285,0.01864457130432129,L2,2025-01-31 12:55:28.503
bb567bd6136649f5981aa3895ba850da,0.01896834373474121,L2,2025-01-31 12:55:28.630
e4207096e0434d16a856579859b75b8b,0.008553504943847656,L2,2025-01-31 12:55:28.674
4c0a5004bd564c8183b252b5c38a293e,0.001310586929321289,L2,2025-01-31 12:55:28.710
0366cfd3191a43c5b13acc7056fc9066,0.0016248226165771484,L2,2025-01-31 12:55:28.790
ce86187cc1304d29a6c6ea7b3fbd9d01,0.003377676010131836,L2,2025-01-31 12:55:32.059
52a0f6e731514cd9863a51c1f545f353,0.001421213150024414,L2,2025-01-31 12:55:32.187
bb00cc6b74144e199f8c2a740c793aa4,0.002306222915649414,L2,2025-01-31 12:55:33.598
48dc7cad6ae3459a8a2ade6df17e3f3a,0.02298736572265625,L2,2025-01-31 12:55:33.707
4025bc0a71a142d5bb16ad38c173b2c3,0.001924753189086914,L2,2025-01-31 12:55:33.772
e2b491b772354ea0a960405ac5217ad8,0.003238201141357422,L2,2025-01-31 12:55:33.825
df480ce3d3884495848d0271111d1846,0.020979881286621094,L2,2025-01-31 12:55:33.888
625684a34da94f2883fecdc537e154d4,0.0018703937530517578,L2,2025-01-31 12:55:33.930
ed3ecbcd0aaa40c58c06751e67666889,0.039166927337646484,L2,2025-01-31 12:55:34.031
40152495b8204f29b63c9d6e65ad45f0,0.0034360885620117188,L2,2025-01-31 12:55:34.074
96bfcf475ef54e5db900c062050bff37,0.001369476318359375,L2,2025-01-31 12:55:36.409
4d2752215365423eb2a1b99173891027,0.0026848316192626953,L2,2025-01-31 12:55:36.550
438140f2a44f4b79a334e2bf4161040c,0.0013976097106933594,L2,2025-01-31 12:55:36.622
ea4dfac454234227810ad97261905f5b,0.0029556751251220703,L3,2025-01-31 12:55:37.341
2cc98bc2f5bb4607ab6714686323b6f9,0.0010254383087158203,L3,2025-01-31 12:55:37.375
3616da7c2358473a9fda4b4a7d83fe04,0.0010988712310791016,L2,2025-01-31 12:55:37.599
0a60ad5e857f4d81b5e1a7cfe1bd5fee,0.0010271072387695312,L3,2025-01-31 12:55:37.740
0db3a6d1189047be920c11540fba2602,0.0013012886047363281,L3,2025-01-31 12:55:37.850
c4d1963c236249bdaffc80045be9d874,0.0015380382537841797,L3,2025-01-31 12:55:37.914
ad2adfb3e5c64c04a9211e31e040e40f,0.0011343955993652344,L3,2025-01-31 12:55:38.036
eb03b212a3e54d578a6e60be14fbf994,0.0010330677032470703,L3,2025-01-31 12:55:38.145
d3450a95c0a647f88883c4950f65285e,0.0034699440002441406,L3,2025-01-31 12:55:39.005
809555f055104ee79e7277cb6534e2bf,0.0021288394927978516,L3,2025-01-31 12:55:39.042
b49ce2e791274908953be83670ac1cfd,0.011072635650634766,L2,2025-01-31 12:55:39.053
25fc7dfb0e914175aa942583fa2d4293,0.0027425289154052734,L2,2025-01-31 12:55:39.096
f7f8bbf6534942cf9ee6eac12b3780b5,0.0034027099609375,L3,2025-01-31 12:55:39.198
10e9800d8a0c4274847c667f4cb89829,0.008995771408081055,L3,2025-01-31 12:55:39.241
15f41a4ef7f1467c933372381d3caaeb,0.038968801498413086,L2,2025-01-31 12:55:39.263
eec2435737cd48d8bcd634fac514983e,0.0025815963745117188,L3,2025-01-31 12:55:39.279
ed7d2ab0ad844aba99d55550d45854ac,0.004370450973510742,L2,2025-01-31 12:55:39.312
e60b10e0ec4543eb87b0e2b2b8f84e8f,0.011866331100463867,L3,2025-01-31 12:55:39.326
4cec21f9d2e54262a540b30a4c3119cb,0.021156787872314453,L3,2025-01-31 12:55:39.380
a77c821f4f214403b7587ff3c67cf893,0.012894868850708008,L3,2025-01-31 12:55:39.443
f6f4e8e390eb4da990800b117e3ed0bc,0.002248525619506836,L3,2025-01-31 12:55:39.476
84a49344d8d14c31bb52fa0153a67bad,0.002621173858642578,L3,2025-01-31 12:55:39.508
cda59057c4b04e369b0906aeb0b0ab65,0.002132415771484375,L3,2025-01-31 12:55:39.541
665cfbc45c2f4bfaa71752e2183e5bfa,0.003541231155395508,L3,2025-01-31 12:55:39.586
612eb5e98ffd405b85769bb1e8c21f8c,0.012326717376708984,L3,2025-01-31 12:55:39.629
3aa9f5dbcd254b04a1933c628a74e4e0,0.0024330615997314453,L3,2025-01-31 12:55:39.663
12dce93867464723a51a61f12910b8fb,0.002379179000854492,L3,2025-01-31 12:55:39.710
5fb857f556854deaaa32b03d246176c7,0.0028181076049804688,L3,2025-01-31 12:55:39.743
94a17d18beff4057859b5eed778ed7a8,0.0036394596099853516,L3,2025-01-31 12:55:39.790
611a8daf5d064dc0877396e6a8e16017,0.0031290054321289062,L3,2025-01-31 12:55:39.875
a92732c467db4ce8ac64714021e50d91,0.003293752670288086,L2,2025-01-31 12:55:39.982
b52af82118e54b22a6a553bea053913d,0.0022215843200683594,L3,2025-01-31 12:55:40.018
cba2c4e10e4a471694f6c89e79052a0a,0.0012888908386230469,L3,2025-01-31 12:55:40.451
8f976d78fe6e4337b02f31829f4992b5,0.0017397403717041016,L3,2025-01-31 12:55:40.475
2a19f772c3e24880b16545a32d0d30fc,0.0024106502532958984,L3,2025-01-31 12:55:40.502
cfa60923f9fc43ff821da46f7c67e8a9,0.0014832019805908203,L2,2025-01-31 12:55:40.663
cbdc22d68c144a36bd30bb3e0cc2b86a,0.0014734268188476562,L2,2025-01-31 12:55:40.890
6236b0b18ae84547b91f2980c1c3c184,0.001744985580444336,L2,2025-01-31 12:55:40.969
ff5a435a681e481da3434ac87114245a,0.0016558170318603516,L2,2025-01-31 12:55:41.007
26c96eb0f0834c6ba80bb27a2a228a57,0.0012581348419189453,L2,2025-01-31 12:55:41.278
86e3585bab7046289e99129e05f69cc0,0.0012094974517822266,L2,2025-01-31 12:55:42.224
95fa15409b7147199be3d9f48c9560a6,0.0009670257568359375,L3,2025-01-31 12:55:44.403
61318d6b48444a5f8c53a8d7e557f9c4,0.0017325878143310547,L3,2025-01-31 12:55:44.423
c3d9e2c906e84a9e995646ba8548b4ff,0.0019822120666503906,L3,2025-01-31 12:55:44.449
51620402e1cc4ddfa28ac419fe783cbc,0.0017468929290771484,L2,2025-01-31 12:55:44.630
414a98bba18c49f8a03b33766585d643,0.002627134323120117,L2,2025-01-31 12:55:44.678
2fcaf140a1624345ac5423738a7376fc,0.0012600421905517578,L2,2025-01-31 12:55:44.723
ca263e0528ff4d19b23ed5c59c9f3c34,0.003155946731567383,L3,2025-01-31 12:55:45.134
730421c599e340e887b93dbd202d023f,0.002118349075317383,L3,2025-01-31 12:55:45.160
d94f6e086bdb49dfb565c03d570da611,0.0019459724426269531,L3,2025-01-31 12:55:45.187
760dffc6102443008f4260b1f219471e,0.0010967254638671875,L3,2025-01-31 12:55:45.218
f683c0d13f044fdfa862773e543e30a8,0.0017170906066894531,L3,2025-01-31 12:55:45.246
912a725a40674833bd02e42bb93553eb,0.0014579296112060547,L3,2025-01-31 12:55:45.275
8b241a5a5adf44ed81a66812abb3a8d1,0.0015549659729003906,L2,2025-01-31 12:55:45.355
cea3d15156584896b2e4f1529180dfc4,0.001943826675415039,L3,2025-01-31 12:55:45.357
d3c91c2f349145cd9a13f284218afd99,0.0011265277862548828,L3,2025-01-31 12:55:45.436
0945490eef5242e4a8e07411aab87340,0.0010647773742675781,L3,2025-01-31 12:55:45.460
99d62b8acfff4f59b6fe7e9102edcc1f,0.0022842884063720703,L3,2025-01-31 12:55:45.932
5c68a8d8bf8a4cdc94974d762640c916,0.0030176639556884766,L3,2025-01-31 12:55:45.961
513fa9c8c34d4413b49e85249fb7e19a,0.010834932327270508,L3,2025-01-31 12:55:46.000
9058f89e8acb4889ac1b12de84173c72,0.0015857219696044922,L3,2025-01-31 12:55:46.025
c0a1935d9970458fbf44610c69845e86,0.0012955665588378906,L3,2025-01-31 12:55:46.052
8b7e4ba59a154627b9173bf135e4315f,0.001954317092895508,L2,2025-01-31 12:55:46.055
3c6dfa617b5d440089aa4666add10c07,0.0022461414337158203,L2,2025-01-31 12:55:46.120
6b6c7596a70942409d0a92a1b6abf5b5,0.002323627471923828,L3,2025-01-31 12:55:46.363
f28d4278663e4101b4e9b4e17b758520,0.0015437602996826172,L3,2025-01-31 12:55:46.391
6ebe8e5e141b4216af0f0541c06db862,0.0022034645080566406,L2,2025-01-31 12:55:46.409
9f0e34d26ae74559abeb5d2d065e5c51,0.0012984275817871094,L3,2025-01-31 12:55:46.421
31b22ebd4a3b4b7488df465a392c656b,0.0013990402221679688,L3,2025-01-31 12:55:46.450
dd19e715de6348e499f56aa9931e8ee3,0.00962376594543457,L2,2025-01-31 12:55:46.478
d7057d5c1b0445c7a8d003fb36010b64,0.0021512508392333984,L2,2025-01-31 12:55:46.587
28da7f46195f493cb4b15e1133e78e8c,0.03581380844116211,L2,2025-01-31 12:55:46.667
7ef2c72c348843269eeb76038952dfef,0.01396322250366211,L2,2025-01-31 12:55:46.749
6992fc62e00145c9a84cb0d406b96883,0.0027837753295898438,L2,2025-01-31 12:55:46.824
931f182e7f764716bef10a7267be75bd,0.002157449722290039,L2,2025-01-31 12:55:46.866
eedf0f00a04548b7b4415ae73a515757,0.037232398986816406,L2,2025-01-31 12:55:46.948
ba068aed220945b986c2a92dca91a05d,0.0022766590118408203,L2,2025-01-31 12:55:46.995
eb41a4e314be46e4b835a4ba3cf61e30,0.002806425094604492,L2,2025-01-31 12:55:47.389
19380cabfd5443fa887f37351dda37a4,0.0014586448669433594,L2,2025-01-31 12:55:47.572
642c40cfbdf14f67bc22f101f0ae8d70,0.008539915084838867,L2,2025-01-31 12:55:47.799
d49c97fc4b324961b86bdd8885cd48ba,0.0017423629760742188,L2,2025-01-31 12:55:47.841
694010f6b9414044a1bfd390b7f31493,0.001688241958618164,L2,2025-01-31 12:55:47.926
e688d7e1e61d4e2a987b94ab063bc3a5,0.0012059211730957031,L2,2025-01-31 12:55:48.346
8fe92ff3d7724ff2b551b6afb98cf9ed,0.0013196468353271484,L2,2025-01-31 12:55:48.453
ad72ec5e27b34b7e920f189ba124c7ed,0.0013127326965332031,L2,2025-01-31 12:55:48.541
5a9ba2de770a45ce8532ec4630e43411,0.0014107227325439453,L2,2025-01-31 12:55:48.661
14396c4bba9f4cc29ffda9ae7a971c15,0.0011265277862548828,L3,2025-01-31 12:55:54.112
6754d03bffba4f85af3e9579a95ae843,0.0010333061218261719,L3,2025-01-31 12:55:54.135
5212e3fa34c944e9b302f7fa9cc87c19,0.0010504722595214844,L3,2025-01-31 12:55:54.159
3eeeefdc3cae412186b3436a9ba3ef12,0.0019502639770507812,L3,2025-01-31 12:55:54.292
669c6f8b19bd4be5b0b4153c8efab702,0.0015246868133544922,L3,2025-01-31 12:55:54.322
f94b10cb83d34b589a1ca01696c31052,0.0029098987579345703,L3,2025-01-31 12:55:54.349
edaac7f0ab3849fe807e97bae9a364eb,0.001125335693359375,L3,2025-01-31 12:55:54.384
b5a88ef1c55340e5893d4e423e2d90bd,0.0016300678253173828,L3,2025-01-31 12:55:54.432
0ba8d1f9fff04438b58991a38cf8ddfd,0.0020601749420166016,L2,2025-01-31 12:55:54.446
f70d81724bfc4a148a8141f7dfa4a4c5,0.002321004867553711,L3,2025-01-31 12:55:54.461
6c41ab8ec359477c9fdbfaf719a50240,0.0015032291412353516,L3,2025-01-31 12:55:54.498
f0d37eb54e7a452eadfd9253212bd3d4,0.0017893314361572266,L3,2025-01-31 12:55:54.554
dbac9e282b2d4b069c1fa93b69024c68,0.0010869503021240234,L3,2025-01-31 12:55:54.605
4a8a913602304458aed057e9330e0da1,0.0027437210083007812,L3,2025-01-31 12:55:54.641
6f3841030e664015ae435045ce07ec61,0.003194570541381836,L3,2025-01-31 12:55:54.719
f3a74733ed6048398b37cd545fb17a78,0.001192331314086914,L3,2025-01-31 12:55:54.809
a33c93caa8ac4dbabbca18853eeda3c7,0.001374959945678711,L2,2025-01-31 12:55:54.846
071c74c2ee904c978522523767110287,0.0017354488372802734,L3,2025-01-31 12:55:54.898
cdef306a9ba54f57a1904612d86d97f7,0.019460678100585938,L3,2025-01-31 12:55:54.983
b841c4aa30ac4a25b951676a9d7c3f9e,0.001168966293334961,L3,2025-01-31 12:55:55.034
6e08bfedead44932b4eb3f88f3c6a1e4,0.0013365745544433594,L3,2025-01-31 12:55:55.065
ef31f272e0ca4688836860c5a74ea4ce,0.0012736320495605469,L3,2025-01-31 12:55:55.095
443a6329bbdf433eacb08e750004b6e6,0.0010492801666259766,L3,2025-01-31 12:55:55.127
a4c7c5ec997841fbade8ebb773b47d72,0.0012807846069335938,L2,2025-01-31 12:55:55.682
0d01bb878b0b4ecc91f7b2bc77e98e97,0.0018990039825439453,L2,2025-01-31 12:55:55.722
076eadc019c3473c93fed51e5a18e7b7,0.002004861831665039,L2,2025-01-31 12:55:55.872
a40a6eb135784d13bbce974856c6fceb,0.0021905899047851562,L2,2025-01-31 12:55:55.919
e062bb387dca461385c16cd77a702f47,0.0015764236450195312,L2,2025-01-31 12:55:56.185
0d2625c4fb53410f978e5da61a5c7c32,0.0019359588623046875,L2,2025-01-31 12:55:56.441
6ed350473cf24394a596ac839906a911,0.012730836868286133,L2,2025-01-31 12:55:56.510
db65f69f689141a38e007f865114caa4,0.0013375282287597656,L2,2025-01-31 12:55:56.560
1de3fafdbd2c48b8a0168415fb4f0193,0.0037250518798828125,L2,2025-01-31 12:55:56.605
dca7291ea9a441fa9a85a5e240fb84fc,0.009145259857177734,L2,2025-01-31 12:55:56.965
c2a57d7b7c7b40b986d6105409ffc54c,0.0026540756225585938,L2,2025-01-31 12:55:57.025
985821e46572491f87e29fd4e3e7af85,0.0019576549530029297,L2,2025-01-31 12:55:57.063
30ff4eabbe154dceaedba0d090d7e50c,0.0018014907836914062,L2,2025-01-31 12:56:03.038
d690263bdecb4388bbc8a18c54a0db32,0.004103422164916992,L2,2025-01-31 12:56:03.167
34bad1b8e8df405bb549dd8a3f9e7fba,0.002443552017211914,L2,2025-01-31 12:56:03.204
b2a069ab823c42d6a45f7d9d0235b39f,0.061089277267456055,L2,2025-01-31 12:56:03.399
cb3941d6304840a184cb7c5c5b4647ee,0.004183769226074219,L2,2025-01-31 12:56:03.499
ef0aed03db804e7eb2a64377f4cd6680,0.002324819564819336,L2,2025-01-31 12:56:03.566
5da33425379f44208fb89a1f187067ac,0.01976299285888672,L2,2025-01-31 12:56:03.660
a17d1ba4424244dcad9ed2602f4cc841,0.021980762481689453,L2,2025-01-31 12:56:03.722
fe4b51788e594f3ebe961519803fc6c5,0.0035135746002197266,L2,2025-01-31 12:56:03.765
b26f16dd5071414389efebbff4eafa6d,0.0024039745330810547,L2,2025-01-31 12:56:03.807
d488b899f91c4774bf258c761f5c6eee,0.0017590522766113281,L2,2025-01-31 12:56:03.885
7758c6a16b624cbbbe025c7dd5f5733a,0.0032227039337158203,L2,2025-01-31 12:56:03.927
cf0958b02fc34d30a34589034f15737b,0.002074718475341797,L2,2025-01-31 12:56:03.969
224ef8454f5c4222bbce799197d2d179,0.002851724624633789,L2,2025-01-31 12:56:04.012
57b626c7cc354bca8e2efb1f5a56b853,0.004114866256713867,L2,2025-01-31 12:56:04.055
96208c74c5c44f78a9a807f487e12011,0.0019545555114746094,L3,2025-01-31 12:56:04.145
ac93ff29dd5546fbbb17605a140049ee,0.0012683868408203125,L3,2025-01-31 12:56:04.170
49a3aca54965439caeb408694db098de,0.001432657241821289,L3,2025-01-31 12:56:04.196
85b6c60a95e742598eb04a3f006bf7f9,0.0014514923095703125,L3,2025-01-31 12:56:04.223
578dc0d575dd4ec993dc0e407188413a,0.0014123916625976562,L3,2025-01-31 12:56:04.249
4028575593474e98932fea552aa84506,0.0031371116638183594,L3,2025-01-31 12:56:04.307
2407b40cc3494e9cb977f352a66251e1,0.0010805130004882812,L3,2025-01-31 12:56:04.332
c8bda0349ed74cabbb6a1b63cd332034,0.001949310302734375,L3,2025-01-31 12:56:04.359
9eaccb6319c9419396107dd078b2dcfb,0.001092672348022461,L3,2025-01-31 12:56:04.386
d15f53a77f584762bce27b8d7f66904f,0.023746967315673828,L3,2025-01-31 12:56:04.502
53c24cbd212748328917d22a0d0c5cf3,0.002097606658935547,L3,2025-01-31 12:56:04.532
1c76570da11d4fe0b892765370dcc2a6,0.06650543212890625,L3,2025-01-31 12:56:04.664
f87e5867c55a407a93b29b9823fa79ea,0.021941184997558594,L3,2025-01-31 12:56:04.734
1da03727d1064560889a3e8996612cf9,0.0017287731170654297,L3,2025-01-31 12:56:04.800
3a5f41d46e07407e9e5eee781572b622,0.001077890396118164,L3,2025-01-31 12:56:04.846
fb5411ab75794db78c3113f4f115df54,0.0010869503021240234,L3,2025-01-31 12:56:04.875
beb2c68b57c843bb95c09af692fce78f,0.0010943412780761719,L3,2025-01-31 12:56:04.901
0b23d5a9d1db4cb69ea3795c5de61fbd,0.0015063285827636719,L3,2025-01-31 12:56:04.935
fbbc0dcc45df4ec5a88ac4a50ccc9259,0.01869654655456543,L3,2025-01-31 12:56:04.982
0d1b5d79b0b2434098c0a3275c2fe51d,0.00177764892578125,L2,2025-01-31 12:56:05.179
bcfd8e5479ce4b3cba135d77db660179,0.0014224052429199219,L2,2025-01-31 12:56:05.458
36b8776ccbfe4e8b9f86c695e232162d,0.003124237060546875,L2,2025-01-31 12:56:05.640
b0603cda8d224c128c5399ee9451b953,0.0056836605072021484,L2,2025-01-31 12:56:06.214
b355efcf98ac4501869bfdd5187fb7dc,0.0026595592498779297,L2,2025-01-31 12:56:06.264
1a27f2ff238a4281b1f78f2707446569,0.0012683868408203125,L2,2025-01-31 12:56:06.470
3b58377f66eb40c2bbd3b98a584b89fb,0.01247262954711914,L2,2025-01-31 12:56:06.732
249302f14ec64d92ad08ab3cc28e0d23,0.001445770263671875,L2,2025-01-31 12:56:06.780
c3195afc2f3b494e9409b78972d68aac,0.020002126693725586,L2,2025-01-31 12:56:06.867
f53ac7ddc4c1466da1789630f077031f,0.002683401107788086,L2,2025-01-31 12:56:07.008
262e177a5ca14c4b86560c90f027ede4,0.0018641948699951172,L2,2025-01-31 12:56:07.243
9999dd2aafb54465ab143dcc3f64292f,0.02171611785888672,L2,2025-01-31 12:56:07.385
f50dad35c5c84622b9b2417be7cf3101,0.02774834632873535,L2,2025-01-31 12:56:07.457
9329a749f0e54dd4be65b723d0c0e77b,0.0018644332885742188,L2,2025-01-31 12:56:07.501
fb950b4fefbe497287de2bec751eca93,0.019501447677612305,L2,2025-01-31 12:56:07.668
ca6719c73afe4621a71dd93573e9fc97,0.0013048648834228516,L2,2025-01-31 12:56:07.825
30c20deb096646bbb99c8e7432711384,0.009653806686401367,L2,2025-01-31 12:56:07.899
68f72e844a0e41cfa5d15b787d7f686a,0.002331972122192383,L2,2025-01-31 12:56:07.943
5ce6d7a58f554ce4b8c69d3a4be00620,0.028947830200195312,L2,2025-01-31 12:56:08.016
ac8cb1805aec4fde94fd518f3fae32ab,0.001222848892211914,L2,2025-01-31 12:56:08.095
d1a5bc9c9e6644b5964a08fbcac5b049,0.0015735626220703125,L2,2025-01-31 12:56:08.139
d42d5a508b2c428cabb6a2b152b8f83e,0.0011875629425048828,L3,2025-01-31 12:56:11.747
e678ad2d66874c6eae5eaf761e988949,0.0012714862823486328,L2,2025-01-31 12:56:12.354
91abbbe433dd4174ab882bf719e506d2,0.001239776611328125,L3,2025-01-31 12:56:12.702
3e7e4e5f37a04100873f3099f0041fc6,0.0010509490966796875,L3,2025-01-31 12:56:12.729
a5dd8a7c2bd84d4b81e9895ed5020b28,0.0033278465270996094,L3,2025-01-31 12:56:12.756
1fd01f8be88746b6846333f085fe977e,0.0017504692077636719,L3,2025-01-31 12:56:12.783
dcf997181bec45fbaba2c457db8362d7,0.0011293888092041016,L3,2025-01-31 12:56:12.867
66a221a1d21549cd855770721d274b98,0.0013437271118164062,L2,2025-01-31 12:56:12.959
315aa04625b94fcca087ad74601cfba8,0.002031564712524414,L2,2025-01-31 12:56:13.001
cf0a7cda67bb4259bc47c740361b5150,0.0015718936920166016,L3,2025-01-31 12:56:13.113
2a78c94019304b8c80d8893c6d954394,0.0016431808471679688,L2,2025-01-31 12:56:13.207
4988a99a5c954897abcfe5587ba17e87,0.0013399124145507812,L3,2025-01-31 12:56:13.232
dffd672db4264ba1aeb97213da74b40e,0.0010790824890136719,L3,2025-01-31 12:56:13.267
4afb0098f07e4038a38d2a413320321f,0.0015635490417480469,L2,2025-01-31 12:56:13.381
2af71182eaf148e09252e9b8e2f7a5ac,0.0012967586517333984,L3,2025-01-31 12:56:13.393
2b65326751b14e9e8cd546059af36432,0.0018014907836914062,L3,2025-01-31 12:56:13.425
ed248154da944c65986e3a05abd6b27c,0.0015859603881835938,L2,2025-01-31 12:56:13.445
30243682c1484d408ea1d784b7d4d0b6,0.0019140243530273438,L3,2025-01-31 12:56:13.468
fce735b3d5544b1abc9dc6a8a4171025,0.0011246204376220703,L3,2025-01-31 12:56:13.548
cca6d70fbd4a4685bd67376a9ead54d5,0.0011038780212402344,L3,2025-01-31 12:56:13.582
ed0e04377547466190d9d30774db036c,0.0023314952850341797,L2,2025-01-31 12:56:13.591
34b289a314974ffaa4a68f4880ab66de,0.02785038948059082,L2,2025-01-31 12:56:13.663
c0c2e98654484a93b5d21f51a540c405,0.010659217834472656,L2,2025-01-31 12:56:13.714
1fe5e909a86c469682b959966f435097,0.005157470703125,L2,2025-01-31 12:56:13.812
5a5b8fa4d9e54c24bab094fdc757965d,0.0016560554504394531,L3,2025-01-31 12:56:13.845
2a17a081c4f24e0a84342ac6ad59156f,0.00145721435546875,L3,2025-01-31 12:56:13.876
95f90e02e91d459ea4d5387b346760c5,0.0019240379333496094,L3,2025-01-31 12:56:13.907
bd23609376244dd1b7f67fe8e94ec2b6,0.019724369049072266,L2,2025-01-31 12:56:13.915
4683fe69a9b141638f5c4bff33de8639,0.0014793872833251953,L3,2025-01-31 12:56:13.941
2970d85ebd794f3d864254b567413571,0.0018737316131591797,L3,2025-01-31 12:56:13.971
fc1707a19e4046749b772ad7d2e24b71,0.018876314163208008,L3,2025-01-31 12:56:14.019
ec6986630c1845d6ac4528842cf7ec51,0.0012180805206298828,L3,2025-01-31 12:56:14.051
bdf5db754cdd41e182272d49891e0ced,0.0017249584197998047,L2,2025-01-31 12:56:15.254
20f1452f20e2489abaa578dc5b3db1fb,0.0013191699981689453,L2,2025-01-31 12:56:15.299
ac8264859a344dc8ada77155bae11cd3,0.009437084197998047,L2,2025-01-31 12:56:15.503
baa0b83d4a674a99badbe00b149adc11,0.0012357234954833984,L2,2025-01-31 12:56:15.539
bff4d047fa22408a9c246e3bccdaf1b7,0.0014891624450683594,L2,2025-01-31 12:56:16.686
5275c93f9a9c44d2a9ba60993fcaadee,0.0013675689697265625,L2,2025-01-31 12:56:16.822
6b3b696bcb7f4ea8bd401ef2f1a893fd,0.0009479522705078125,L3,2025-01-31 12:56:20.198
bd3a020c22f94e22a4f788d5fa05a8b0,0.0014941692352294922,L2,2025-01-31 12:56:20.255
092a7d2751fd4aadb4aa1454f87fa327,0.002402782440185547,L2,2025-01-31 12:56:20.428
ce32489605b34b2e96fa29577efb9cc1,0.0013232231140136719,L2,2025-01-31 12:56:20.495
e7ccca2c92e649538d1ffe56cb811ed9,0.006101369857788086,L3,2025-01-31 12:56:20.822
41c36fd465b94431972f45ac0c8a31a3,0.001851797103881836,L3,2025-01-31 12:56:20.848
fe93ce3a4ec54e3ca3584ea49e4629b1,0.001986265182495117,L3,2025-01-31 12:56:20.876
1a8bcb3147344b5bbccf5df42c4b549f,0.0012907981872558594,L3,2025-01-31 12:56:20.904
61046059a4e248ceb22a8b42d59c5e1a,0.0013470649719238281,L3,2025-01-31 12:56:20.930
bf1b0eb7cc614adf8693826305a9ea06,0.0014011859893798828,L2,2025-01-31 12:56:21.797
cbf0de25f3ac49c88b7340a3e143e227,0.0020356178283691406,L2,2025-01-31 12:56:21.849
ab7127436a054183b4292d1950710431,0.0016543865203857422,L2,2025-01-31 12:56:21.887
43576f8a54844ef1bdda57d1cf4fcfdf,0.0010609626770019531,L3,2025-01-31 12:56:22.209
033705980e154ddebb7160c752b51240,0.0010364055633544922,L3,2025-01-31 12:56:22.244
a970e3eaff7845e9954f9712c381ebb4,0.0013539791107177734,L2,2025-01-31 12:56:22.688
b7ff77abb3754dbdac7e3c10ef15e840,0.0020368099212646484,L3,2025-01-31 12:56:22.910
da54bd207e794893baba37bee366dddc,0.0011904239654541016,L3,2025-01-31 12:56:22.939
c76f9ca94b734aecb05d94bc3b056358,0.0019960403442382812,L2,2025-01-31 12:56:22.967
2d0557bb36d7401fad4fb7bacdcac0d2,0.0012993812561035156,L2,2025-01-31 12:56:23.261
4231e69f8c254cc3b086f0e44377362e,0.0018465518951416016,L2,2025-01-31 12:56:23.298
0c6c863085ec443aa7a6b63f058a0b99,0.0010585784912109375,L3,2025-01-31 12:56:23.352
ad13d34d5d0247528e46fd1664a9cd20,0.001589059829711914,L2,2025-01-31 12:56:23.413
58017ddd928b430c884f9acaea936b6d,0.0017197132110595703,L2,2025-01-31 12:56:23.545
67f4002a81244e3bbba23f66498e0774,0.0012919902801513672,L3,2025-01-31 12:56:25.571
0ca07afb67d34705b2aab4ffe550abb8,0.0011849403381347656,L2,2025-01-31 12:56:25.735
16df9466ac194318bf45111dd02d8f3b,0.001745462417602539,L2,2025-01-31 12:56:26.942
76438488ed884d168e3c7c1c18b63938,0.0016317367553710938,L2,2025-01-31 12:56:27.046
5595b6a3d4b54ff7a14816c62312af2c,0.019575834274291992,L2,2025-01-31 12:56:27.170
b196dc8616bd4c349e16b3b4a04467c4,0.0012881755828857422,L2,2025-01-31 12:56:27.304
1f6836ef1b81455e85a4b84b30edc593,0.001689910888671875,L2,2025-01-31 12:56:27.364
c23e880a625245f297a0833b1bffb83c,0.0016314983367919922,L2,2025-01-31 12:56:27.471
e2ef6343549044ae8b9c6be8d5e15386,0.0013096332550048828,L2,2025-01-31 12:56:27.599
f22bd5bc78a648f6af6d3d0d5d1d7fef,0.0012574195861816406,L3,2025-01-31 12:56:27.898
20dcdf6e654d41dcbc1d60a49615a686,0.0011239051818847656,L3,2025-01-31 12:56:27.930
7f73752e1b104664bcd7651ca96a5ae4,0.0016927719116210938,L2,2025-01-31 12:56:27.958
df153eae537b46a0bf1d8a5915162f79,0.001194000244140625,L3,2025-01-31 12:56:27.961
ff3d89ef10864ff9b13924db175fca41,0.0013394355773925781,L2,2025-01-31 12:56:28.059
9774d9626afc4bba932e0c6b72121e21,0.0010721683502197266,L3,2025-01-31 12:56:28.247
3b7462283daa4b35a4b7f8018e94b0a2,0.0016264915466308594,L3,2025-01-31 12:56:30.276
88de2a95d86c4d209f4d5c11f72faa47,0.0035495758056640625,L3,2025-01-31 12:56:30.301
f3864326f2224fceb0ccea914e1e29c2,0.001066446304321289,L3,2025-01-31 12:56:30.325
82f9c57a7a214894bd60ca0a67f1a2e7,0.0012230873107910156,L3,2025-01-31 12:56:30.353
efefd16e1d7b4518b928dc040e4ac1be,0.0011396408081054688,L3,2025-01-31 12:56:30.383
536639d58222421ea540977d5c1ab598,0.004334688186645508,L3,2025-01-31 12:56:30.416
1a39088bbcf6434c890b44da75bd78c9,0.0015337467193603516,L3,2025-01-31 12:56:30.449
3488a46064284179b4eb63d0d01e5728,0.003915071487426758,L3,2025-01-31 12:56:30.484
45900e53a1184518a289da7ce9d4be43,0.0015397071838378906,L3,2025-01-31 12:56:30.516
6aa505de2ff94916b0ba66fa0b0808ed,0.0018765926361083984,L3,2025-01-31 12:56:30.567
fd235b9c2b574091b8667251e982b423,0.0012471675872802734,L3,2025-01-31 12:56:30.600
dc9d82bf32804efab1da74c68d19827e,0.0017199516296386719,L3,2025-01-31 12:56:30.644
b52663b60277484f8072e03d557d60e2,0.001552581787109375,L3,2025-01-31 12:56:30.686
4c785b3b85464dbc8644a4d4943f9c05,0.01949334144592285,L3,2025-01-31 12:56:30.737
3175a740828443038b25438b84862c05,0.013009309768676758,L3,2025-01-31 12:56:30.781
2a074e152d2a486c9d428f6d2bd16e7c,0.002342700958251953,L3,2025-01-31 12:56:30.816
c2385506c522428996cf990c5b96eede,0.0028967857360839844,L2,2025-01-31 12:56:30.846
beeb29899a4441ae83cbc811fe899ca6,0.022800683975219727,L3,2025-01-31 12:56:30.869
08a6380bd22b4b49a69f8ecbaea2079d,0.0028967857360839844,L3,2025-01-31 12:56:30.944
ba347751c23243eb82536e9e89181d41,0.002868175506591797,L2,2025-01-31 12:56:31.360
1e1f52376ac746aab5c7883f310f4eb8,0.0012805461883544922,L2,2025-01-31 12:56:33.245
f9a621ee7f8a41808113dcdcc4fa1c29,0.0012574195861816406,L3,2025-01-31 12:56:33.469
8b1c044894c14cc88ee0448158ee0233,0.0017130374908447266,L3,2025-01-31 12:56:33.595
c69d3bd56a2142b28b95f30c2296a4c7,0.0010552406311035156,L2,2025-01-31 12:56:33.611
7f7900bc9f294ca0928b4e5d2a699fb1,0.00193023681640625,L2,2025-01-31 12:56:33.776
16049b4399e24626afe22b69474a9635,0.0019104480743408203,L2,2025-01-31 12:56:33.957
b67a8b461d1d4e9aac130695342030b6,0.0013248920440673828,L3,2025-01-31 12:56:33.974
6e6fc03af1864552b3f1845cb969f72f,0.0031757354736328125,L2,2025-01-31 12:56:34.265
89b626abcd47477194f183c37962e052,0.0010383129119873047,L3,2025-01-31 12:56:34.326
8d307f159e8b449ba3b74c37068a9b9a,0.0011703968048095703,L2,2025-01-31 12:56:34.660
86b71a786c10484bb9633799407db929,0.001232147216796875,L2,2025-01-31 12:56:35.007
7e5fc2c5d7c64a1886652efb3d30edab,0.0009410381317138672,L3,2025-01-31 12:56:35.794
305c755a5da94bcfb5e171c379b5e004,0.0008745193481445312,L3,2025-01-31 12:56:37.435
0a764cc31d18455aae26c4456cc6935b,0.001730203628540039,L2,2025-01-31 12:56:37.541
1858d1a11b5a467bb75a29891185fc60,0.0010716915130615234,L3,2025-01-31 12:56:37.557
9634703e3ec44965ac102403bc8a1846,0.0016126632690429688,L3,2025-01-31 12:56:37.620
2124467a104547b4922f20d7fdb95f9a,0.0012886524200439453,L3,2025-01-31 12:56:37.704
ccd3157aba3446dea0161aeb76dec490,0.006239175796508789,L3,2025-01-31 12:56:37.775
f41c971e23664f5b8018892117cd0473,0.0010867118835449219,L3,2025-01-31 12:56:37.801
3188d1ac22f848eeb28cdd9f40ef1ff2,0.0010905265808105469,L3,2025-01-31 12:56:37.827
41f6343c65704ff49060c04fe5af97ab,0.0023992061614990234,L3,2025-01-31 12:56:37.855
05040492f79148afa8b59aaaa7afe4e8,0.0011203289031982422,L3,2025-01-31 12:56:37.939
b940d7060c9f4adca068c8913c4a64bc,0.0016787052154541016,L2,2025-01-31 12:56:38.403
df120a7b4ed54e12a96cf65a520a1407,0.0017223358154296875,L2,2025-01-31 12:56:38.664
eadcf2f4c9cd4b20a965fe9c566bf3db,0.010807514190673828,L2,2025-01-31 12:56:38.748
12cd9459154c4843b63296835083fad1,0.009766817092895508,L2,2025-01-31 12:56:38.801
2538663f2b514581b1b48ba3789ed60a,0.009356975555419922,L2,2025-01-31 12:56:38.865
9a034d6d4f3f4399ba3c8e8e0cda8818,0.0020799636840820312,L2,2025-01-31 12:56:38.928
845252703d874da094b445493dc8351b,0.0021932125091552734,L2,2025-01-31 12:56:38.975
61077dc83f7e4986aa9f56a9c0079ddb,0.019301176071166992,L2,2025-01-31 12:56:39.035
94a0c19f3ef14579a9d5536bc3457bc2,0.0021636486053466797,L2,2025-01-31 12:56:39.096
9a2f41e0683e438aa1cdcb932f257b41,0.020266294479370117,L2,2025-01-31 12:56:39.157
85860dcda4b14a138422fd83e760bce1,0.002089262008666992,L2,2025-01-31 12:56:39.241
42b1a23c51cf4904a53be6b44b843512,0.001180410385131836,L3,2025-01-31 12:56:39.877
9da8391a7e5d4a6aa6933b061880b3c0,0.0014803409576416016,L3,2025-01-31 12:56:39.907
a5c1eb17fef84a73866903c6c3ca5dfd,0.001125335693359375,L3,2025-01-31 12:56:39.935
bebdef430b334f2589526c9bb777f83b,0.008510828018188477,L3,2025-01-31 12:56:39.978
b9f7bbfd5afc47b18d1c3898a2296b23,0.0011188983917236328,L3,2025-01-31 12:56:40.047
875c2456d83447309be0d078b5f05346,0.0020492076873779297,L3,2025-01-31 12:56:40.109
72d539ae24fc4c7d9eb30cee0fa15aca,0.0019588470458984375,L3,2025-01-31 12:56:40.141
478e351fb986428fb647d7e2b0829eae,0.0012142658233642578,L2,2025-01-31 12:56:40.525
0ff7b308feac4011949d0cc84c074e2e,0.0011036396026611328,L3,2025-01-31 12:56:45.458
8f6b5628a860471384cc1fe7093c6a3d,0.0011870861053466797,L3,2025-01-31 12:56:45.530
cdf98a1197cc4621a632f4ff511d23c7,0.0014126300811767578,L3,2025-01-31 12:56:45.585
b3257863b4dd44998e501cb388f52200,0.008984804153442383,L2,2025-01-31 12:56:45.902
9201da90fb034530b74b12f422389f3c,0.0016603469848632812,L2,2025-01-31 12:56:45.946
2dcb0dfa3c9943e8b7ae3ba41a5abd0b,0.0020847320556640625,L2,2025-01-31 12:56:45.983
67e9016e95e44cb68f6fbaf3d975bb4f,0.01900792121887207,L3,2025-01-31 12:56:46.019
99f90373b8a645b29c71507ea1db7beb,0.0018205642700195312,L2,2025-01-31 12:56:46.030
230440364b4f4718980d4663affed3f6,0.0182647705078125,L2,2025-01-31 12:56:46.084
93de047bd2124d85a7a28b121fe886f6,0.0011608600616455078,L3,2025-01-31 12:56:46.140
446e8cfd87704fa4a36779f0de96b73b,0.0011293888092041016,L3,2025-01-31 12:56:46.383
dbc9929c18d742d9a867718d48fc6f68,0.0012099742889404297,L2,2025-01-31 12:56:46.434
defb306005c546d3aa4165e0a270b1cc,0.001960277557373047,L2,2025-01-31 12:56:46.479
512f8d53127548b6b2765142b425ac3e,0.0012288093566894531,L3,2025-01-31 12:56:46.917
5d29bcf4dd164d499d5f88540522a7f2,0.0012822151184082031,L3,2025-01-31 12:56:46.945
7e9e47f66c384029b400ac528a2e6cc4,0.001268148422241211,L3,2025-01-31 12:56:46.997
edbbd64f212647ec90b9ce65d8f25974,0.0012688636779785156,L3,2025-01-31 12:56:47.031
df3d1be4a0594a889f7c09b242d0ca50,0.0014710426330566406,L3,2025-01-31 12:56:49.081
fd310a10d843488ba6e3bbddcb76ffa1,0.000946044921875,L3,2025-01-31 12:56:49.101
c1e37dae84cb49d78632d475898546e9,0.0010581016540527344,L3,2025-01-31 12:56:49.126
5d75c092bc7b4ca098a3751de44bf7dc,0.001127481460571289,L3,2025-01-31 12:56:49.153
fb953f4a60664c6f8be3f7a46e504e9e,0.0012638568878173828,L3,2025-01-31 12:56:49.180
fe5bf8e3eb5947c7800425099f2d539f,0.0014472007751464844,L3,2025-01-31 12:56:49.207
9985955590b545ceab561cd37f1e6e98,0.0012345314025878906,L3,2025-01-31 12:56:49.234
63bccc12bf8c4201b392a75b1aed7dc0,0.0010752677917480469,L3,2025-01-31 12:56:49.261
0ecd699033a4425abd40dec10b2abc48,0.00121307373046875,L3,2025-01-31 12:56:49.307
1903c4ed978f4405b7e3bac6000b4aeb,0.0016622543334960938,L2,2025-01-31 12:56:49.328
94fcbbe97d094888a59b7754da204771,0.00244140625,L2,2025-01-31 12:56:50.755
95a880734180461691381aed443e2970,0.02315545082092285,L2,2025-01-31 12:56:51.014
e28e0fea6c8e4d80867179ddb0a2f4cc,0.0014157295227050781,L2,2025-01-31 12:56:51.052
c830dcada50c49dc89b3c049bd7af935,0.0021212100982666016,L2,2025-01-31 12:56:51.098
0390d9e293dc438380185eef14f8f705,0.002821683883666992,L2,2025-01-31 12:56:51.136
c35e8a9c9b3e4f6a8b25340d9f6195a0,0.021221637725830078,L2,2025-01-31 12:56:51.193
66168a8574584ad2b75eb5fd2a954640,0.019626379013061523,L2,2025-01-31 12:56:51.249
fef5214f1cf64a75bc2b4cf54df43a36,0.0018875598907470703,L2,2025-01-31 12:56:52.491
62b6b2abd51c4652912fbc55be3e9f89,0.003112316131591797,L2,2025-01-31 12:56:52.551
6c24594d37664368b120b8886944bfad,0.0014872550964355469,L2,2025-01-31 12:56:52.596
d945486abe844d269b2a820b57358ea3,0.0012333393096923828,L2,2025-01-31 12:56:53.839
3cbbc7da9c6f48f9afaf4ef059dbd376,0.0014133453369140625,L2,2025-01-31 12:56:53.929
cd6436d489fc4332b1f5796b94869429,0.0011529922485351562,L3,2025-01-31 12:56:53.991
ef279b5ec64b46eaad07ba3b8f6a44e2,0.0011973381042480469,L2,2025-01-31 12:56:54.005
cbed4ec2445b4b669b1bf12a3ca4a770,0.0015463829040527344,L3,2025-01-31 12:56:54.072
3217947bf2bb4568b3f4aa1868821e8a,0.001253366470336914,L3,2025-01-31 12:56:54.098
433c536c1406483baa1e9d3442175e37,0.0010476112365722656,L3,2025-01-31 12:56:54.970
1334b8d0a25744a3879a79c084f0a9ec,0.0020122528076171875,L3,2025-01-31 12:56:54.995
5d03a01116fd4f09889c4db52ab0635a,0.0022935867309570312,L3,2025-01-31 12:56:55.016
aa0ce1cde5754717ae97e707c4320222,0.0010573863983154297,L3,2025-01-31 12:56:55.040
da4c4f49ab194b9f8cb15e402aab55f7,0.0013413429260253906,L2,2025-01-31 12:56:55.089
1fc42099bdfb4910ac261a915c681d9c,0.018777132034301758,L3,2025-01-31 12:56:55.103
01d6c4a00c32409b917bc8119a34b133,0.0020453929901123047,L2,2025-01-31 12:56:55.518
974580c815d84b1a9f1e6dfa4f10adf9,0.0012216567993164062,L2,2025-01-31 12:56:55.601
485ee191d0b5461ba6073bafb1f18668,0.001506805419921875,L3,2025-01-31 12:56:55.729
5c6caf253060434981880f1a710ec610,0.0011920928955078125,L3,2025-01-31 12:56:55.855
f0ed589b926746328945fda265ea3baa,0.0009949207305908203,L3,2025-01-31 12:56:57.944
57b5c6c57c634541b4da49964558d870,0.0015268325805664062,L3,2025-01-31 12:56:58.059
48da2d35bd70424fa74b499fa22297d8,0.0011353492736816406,L3,2025-01-31 12:56:58.085
47c03f8f19a3465e838b219482f216f0,0.0010619163513183594,L3,2025-01-31 12:56:58.146
63d8ea2b25c44e47a630137c3c163cc2,0.012920618057250977,L2,2025-01-31 12:56:58.259
1605f4af4b2f4c31b02656697b0a8f32,0.0027399063110351562,L2,2025-01-31 12:56:58.300
628dc3d1df2f4eecaf8620a44e99679d,0.0011522769927978516,L3,2025-01-31 12:56:58.350
14e01f6fcd424e379286af691cab387c,0.002550363540649414,L2,2025-01-31 12:56:58.435
d2e6e6828e744a6eb23e03f0f943d6fa,0.002641916275024414,L2,2025-01-31 12:56:58.562
f625db3b9e564c72a25359e7922c2368,0.0009357929229736328,L3,2025-01-31 12:56:58.983
1f30b7aef2e240208f316f6d064f287b,0.001718759536743164,L3,2025-01-31 12:56:59.004
5f07e924294248ec85953995fca49a20,0.002509593963623047,L3,2025-01-31 12:56:59.029
fd368e0a739f4f76ac1c88265d0acf89,0.0013556480407714844,L3,2025-01-31 12:56:59.055
47ac063ce13d44fa91b2ccf7123ef908,0.0015039443969726562,L2,2025-01-31 12:56:59.345
5931ad0ac2014453bffed87a4c98ec46,0.001886606216430664,L2,2025-01-31 12:56:59.544
319eb02c7bba41e1a34aa46517e75d73,0.0020270347595214844,L3,2025-01-31 12:56:59.682
495072da1d9941c98eabb67562b2d0bf,0.0012764930725097656,L3,2025-01-31 12:56:59.732
e174b0229a1a447597328115bacc4ae2,0.0014259815216064453,L3,2025-01-31 12:56:59.777
6c49fbc49ddb4355aa3eedf726d5b785,0.000946044921875,L3,2025-01-31 12:57:01.269
18334d305a5b4b97a4e151cc93ff808b,0.0012784004211425781,L2,2025-01-31 12:57:01.432
0b3955aa878449f089c9ebe5fe865818,0.0013108253479003906,L2,2025-01-31 12:57:02.976
c085d75af9c2437cbd898e712e11619e,0.0019707679748535156,L2,2025-01-31 12:57:03.012
4546e36400cf44119dce105863ce1b34,0.0015976428985595703,L3,2025-01-31 12:57:03.127
ac63bd911bf240ebb390cc11710e1374,0.0010905265808105469,L3,2025-01-31 12:57:03.553
26c12c37900d4d188d83c5f2092802b3,0.0015370845794677734,L2,2025-01-31 12:57:03.599
9c79c2c3979e4c49ae4d19a9e5720432,0.010422468185424805,L2,2025-01-31 12:57:03.849
be1ad1724ec64907ada8050b197ea2be,0.002189159393310547,L2,2025-01-31 12:57:03.946
7084362427584885a58a53e06fde40d7,0.0015115737915039062,L2,2025-01-31 12:57:03.983
ef8a38c9e04641c4b2ba1933fc67ec78,0.0021576881408691406,L2,2025-01-31 12:57:04.021
f1158a1f8d884a8f91d861c6d45e1eb9,0.002193450927734375,L2,2025-01-31 12:57:04.078
7532de52cfb04926a4819a50683b9aea,0.002016782760620117,L2,2025-01-31 12:57:04.116
6987a9d63dce4fd0af9504ff63173db2,0.003112316131591797,L2,2025-01-31 12:57:04.153
eab0666621e44b8ca13f2eb7364bee99,0.03761029243469238,L2,2025-01-31 12:57:04.248
6c5a1406c1d345f9b7df3c728e3bc479,0.0011341571807861328,L3,2025-01-31 12:57:04.536
4ee1bd0c72804d5c987feb932f1fbf1f,0.001524209976196289,L2,2025-01-31 12:57:04.737
cb594be2ce494911903ad459aad9b958,0.001870870590209961,L2,2025-01-31 12:57:05.106
dd6984bf0e464aada21f55583271031e,0.0013926029205322266,L3,2025-01-31 12:57:06.481
732b362d9f0f4d9aa493ef4e6edd7f01,0.001481771469116211,L3,2025-01-31 12:57:06.504
a21013340569464babdada760968ffa7,0.0011816024780273438,L3,2025-01-31 12:57:06.526
51613c93e0f64dac9413ef4f056b86e9,0.0017971992492675781,L3,2025-01-31 12:57:06.553
5e79b058874c46ee9783410873c1facb,0.010385513305664062,L2,2025-01-31 12:57:06.696
1d756bf1a2d04e22a3bc896fc1ad669b,0.0027883052825927734,L2,2025-01-31 12:57:06.740
e888b5e627554b15b409883f8c21cb69,0.0009615421295166016,L3,2025-01-31 12:57:07.260
097f496736914b92ba467c46f07f61c5,0.0012116432189941406,L3,2025-01-31 12:57:07.300
498d8ea59c1c4c5aabe76cf196dc291c,0.0032777786254882812,L2,2025-01-31 12:57:07.448
e7e1208680a04ee89c87ae6e57ccd4b8,0.0013706684112548828,L2,2025-01-31 12:57:07.593
d37494ed8b1945238d38a9dfdb46f7d4,0.0010771751403808594,L3,2025-01-31 12:57:08.425
f190c7d4c4b84168a7dd689bafa03c85,0.0014126300811767578,L2,2025-01-31 12:57:08.647
bf74c6abb36346cab7b8c80061feb4c7,0.0016856193542480469,L2,2025-01-31 12:57:08.721
8c55f8d488ab45e3a3dce06d0d32ca23,0.002357006072998047,L2,2025-01-31 12:57:08.766
8345dd92cd324ff0a4e519c39bf4b182,0.002319812774658203,L3,2025-01-31 12:57:10.891
3dc79f53a6e54a3cb279a28de63c5fb6,0.001886129379272461,L3,2025-01-31 12:57:10.915
c2bf4d4497394e6e8471f5a15806fa70,0.002226591110229492,L3,2025-01-31 12:57:10.942
90ecf4e486f048b29b10f17062d91370,0.003613710403442383,L3,2025-01-31 12:57:10.970
a1e54a7a39f341c191c1efe54464be54,0.001638650894165039,L2,2025-01-31 12:57:10.986
dea6cc73f1f247b3a4518042f9f85845,0.009783029556274414,L3,2025-01-31 12:57:11.005
c8423fb237384e13a57235586cd5be6b,0.0021820068359375,L3,2025-01-31 12:57:11.032
29f2fb268f2b46099e60ea46f4c6a7f3,0.001800537109375,L3,2025-01-31 12:57:11.059
dc0f637a0ffc4e77979bba21a97508a6,0.0011093616485595703,L3,2025-01-31 12:57:11.087
a7bed91f10954b308138655b5f14947f,0.02034139633178711,L3,2025-01-31 12:57:11.223
9374052cfd5a47e4991d4d3e851512fd,0.0014853477478027344,L2,2025-01-31 12:57:11.439
bf1e8e101217407a9b5b08501018b7e5,0.0010986328125,L3,2025-01-31 12:57:11.661
b42d106bfac141dab7e6c147cefddc7e,0.0012478828430175781,L3,2025-01-31 12:57:12.239
b804cab719144bb5be67368f6bc922bd,0.0009300708770751953,L3,2025-01-31 12:57:13.835
4fdad69eacf04371bfab7deb9be5f5f0,0.001096487045288086,L3,2025-01-31 12:57:13.857
f06cd89e96d844e2b126d495866bdb7c,0.0019273757934570312,L3,2025-01-31 12:57:13.902
a344133f4ce94c9e802f32c3f027502c,0.0013217926025390625,L3,2025-01-31 12:57:13.975
e78ca78a4b0248d2aac69418b7a48e9a,0.0019414424896240234,L3,2025-01-31 12:57:14.555
b3e76d370f8a4c32b4296ccfc694890c,0.001421213150024414,L3,2025-01-31 12:57:14.581
42fb91734bf64d098698af1e60cd1b90,0.0021615028381347656,L2,2025-01-31 12:57:14.584
43e8d9c66eb541e380fbc8d76e3248b1,0.0022287368774414062,L3,2025-01-31 12:57:14.608
2dd8b38a14a14d61a1fef90c223675df,0.0008661746978759766,L3,2025-01-31 12:57:15.587
1986cd5d5a1a4bd0820d1af2796e67c3,0.001220703125,L3,2025-01-31 12:57:15.607
5b09b339253c4bd783522b803aa736fd,0.0012445449829101562,L3,2025-01-31 12:57:15.628
619d2a6ff0384c1d8b09c00dc451c35b,0.0012295246124267578,L2,2025-01-31 12:57:15.774
db3c9780f8c64e56a90470422e9913ac,0.00130462646484375,L3,2025-01-31 12:57:16.591
c5bb0b9cf7af4e06b97dcb39ee6a712e,0.009009122848510742,L2,2025-01-31 12:57:16.862
9fb227dbd64e444e85c80410151cf674,0.0018076896667480469,L2,2025-01-31 12:57:16.908
8e1dc8abb515454eb8ebf0370a3de318,0.0020804405212402344,L2,2025-01-31 12:57:16.946
036b4ecf84b3476a84aa99ff66902acd,0.0016875267028808594,L2,2025-01-31 12:57:17.000
164fb96bc9c64e4c806ccf193ceb289f,0.018754959106445312,L2,2025-01-31 12:57:17.103
87a52730f3bb4a67beb4fcb697b66800,0.0009596347808837891,L3,2025-01-31 12:57:17.552
f8ab4de3b47a4fd7a7fb79d8904e250b,0.0015392303466796875,L2,2025-01-31 12:57:17.644
a3382ac512ae433889ff48b0d6dabf49,0.0014116764068603516,L3,2025-01-31 12:57:17.783
dd378a738321411cbead9427c0fb2a43,0.001253366470336914,L3,2025-01-31 12:57:17.808
bd9db414df4d48328290bcc2c79c103b,0.0014171600341796875,L3,2025-01-31 12:57:18.278
f3d4bb4961e642d9a0e16b346757955e,0.0011889934539794922,L2,2025-01-31 12:57:18.514
fd722bd8afb6454299090ea548d3b803,0.0010960102081298828,L3,2025-01-31 12:57:18.748
ea1c66a43bad440f85c39fefb7431bab,0.0012025833129882812,L3,2025-01-31 12:57:18.768
bed4b7518b9f4762bf4a9818fbc29637,0.0012776851654052734,L2,2025-01-31 12:57:18.868
e46841075960441597f3cf0dd5f611b1,0.00112152099609375,L3,2025-01-31 12:57:18.953
d2c79c682efe4141a1e01bc14438078f,0.001394033432006836,L2,2025-01-31 12:57:19.089
37b32c95af634678acc61e3e232e1ece,0.0012388229370117188,L3,2025-01-31 12:57:19.460
3e3b694bd2444330aa87e98cc117f6b4,0.0008826255798339844,L3,2025-01-31 12:57:19.549
8378dcb272e349a18a5d309cf35e4692,0.0012230873107910156,L3,2025-01-31 12:57:19.846
07d5768830d945b89e820fc1a235ca06,0.0009551048278808594,L3,2025-01-31 12:57:20.978
84ef447079a4488b82820f844256835a,0.0010597705841064453,L3,2025-01-31 12:57:20.999
5446037998c94d8f8b4752acad630505,0.002978801727294922,L3,2025-01-31 12:57:21.020
15fed1575b044599ac2b6a62b9c7d98c,0.0010747909545898438,L3,2025-01-31 12:57:21.044
4ac7dfc1e7704353b489730d8e450be5,0.002270936965942383,L3,2025-01-31 12:57:21.072
9138fb8174114163930a6d1a68e8ab7b,0.0012354850769042969,L3,2025-01-31 12:57:21.121
bc4289ba1c5c48eea817fa12ffa39bfd,0.0015969276428222656,L2,2025-01-31 12:57:21.655
4f1a12e05f7a4dcaa9f7c219c46fe3d7,0.0010199546813964844,L3,2025-01-31 12:57:22.512
e848425d32aa421297ae1e02400fa5dd,0.0022809505462646484,L3,2025-01-31 12:57:22.538
dff2c3f84243484ab5a3ed45d46b121f,0.0012693405151367188,L2,2025-01-31 12:57:22.569
04d0cb97f4044fd3ac2b37d1bfd3e42f,0.0015132427215576172,L3,2025-01-31 12:57:22.815
91de381004724335885f0cbc3f7c2dcf,0.0011301040649414062,L3,2025-01-31 12:57:23.288
4db74239f8ab47019b144ab1699b5ac5,0.0009720325469970703,L3,2025-01-31 12:57:23.736
8ef13567a1194356b958e4e665265a1b,0.0014202594757080078,L2,2025-01-31 12:57:23.985
92242458578f4a06a10ca45c518afd29,0.001821279525756836,L2,2025-01-31 12:57:24.041
8cf24f3369984a7a8d1128e5408edfd8,0.0013053417205810547,L3,2025-01-31 12:57:24.046
36ab554d51ce4eaebd8f3f127e4e7fe1,0.0011284351348876953,L3,2025-01-31 12:57:24.126
7affa982526749b9a77ce6e926950a62,0.0015521049499511719,L2,2025-01-31 12:57:24.919
d31c42e62ce0417b88b3d11721a66c6a,0.001012563705444336,L2,2025-01-31 12:57:25.282
24853be300b64943b286df4ed52b54a3,0.001971721649169922,L2,2025-01-31 12:57:25.929
310be531f55740c8917e1046e16f12d2,0.0010957717895507812,L2,2025-01-31 12:57:26.034
4b924892695347e1b199db0db7a510e9,0.0012500286102294922,L2,2025-01-31 12:57:26.239
449cf6df666144279539c7544d8c7ea1,0.0014483928680419922,L3,2025-01-31 12:57:26.723
dd981d2bf2d04b04b0bc4f8ca25dc3a6,0.0018303394317626953,L2,2025-01-31 12:57:26.818
9324c82de3084fc3b15f17d738bd1532,0.00167083740234375,L3,2025-01-31 12:57:26.818
4d9fa67c2ccc476d80420b8957ce80b3,0.0012350082397460938,L3,2025-01-31 12:57:26.918
0205243e83274c8cae987b8fe53269ec,0.0012514591217041016,L3,2025-01-31 12:57:27.295
2c118da5a0144ea083d1022cae06b0d4,0.0015611648559570312,L3,2025-01-31 12:57:27.344
fe4a998bd56b4005b9fad5d21bae92b4,0.01813817024230957,L3,2025-01-31 12:57:27.434
617cc23b31b94f30b5976bd7a2aaba11,0.0011610984802246094,L3,2025-01-31 12:57:27.679
b7ac508ea54242b4bb9d0695545b0a79,0.0018472671508789062,L2,2025-01-31 12:57:27.707
c03b7131133f41369aa50218c994547f,0.0008862018585205078,L3,2025-01-31 12:57:28.281
40609ab2c319458d8fdc3f661fd28c52,0.0009143352508544922,L3,2025-01-31 12:57:28.299
c028b43d7d0545f9ad6a3c8eead64710,0.0019981861114501953,L3,2025-01-31 12:57:28.566
d84e1e61a8fd40e7b7b7df02efdf3af1,0.001336812973022461,L3,2025-01-31 12:57:28.588
d09950b9102e43b59803de5411cc8325,0.0008769035339355469,L3,2025-01-31 12:57:29.175
98951bd9d2a442588bf76666c9718431,0.0011639595031738281,L2,2025-01-31 12:57:29.651
3a9c842f14374c49a8946ebfda8340db,0.008537530899047852,L2,2025-01-31 12:57:30.546
ec6c4bdf37124eff9245402cad37ccda,0.001255035400390625,L3,2025-01-31 12:57:30.581
c1c0853d92ce477da35bc7282db3d294,0.002354145050048828,L2,2025-01-31 12:57:30.583
7a0b515a9cd440f98cde5f67ba4a1760,0.0012302398681640625,L2,2025-01-31 12:57:30.635
21f9a24d030d4e799fc7e39d8f99347d,0.0012664794921875,L2,2025-01-31 12:57:30.772
0a6dab5b6d78463a8caaff5dcee5e431,0.0009510517120361328,L3,2025-01-31 12:57:31.802
14d9bdb4e7954ea980c40c080ca574e8,0.0017435550689697266,L3,2025-01-31 12:57:31.822
2fb5ad9c2e9b4c9fac34120c2edda502,0.0011281967163085938,L3,2025-01-31 12:57:31.915
02befd8b571c4a808258d4dc777822cc,0.0013165473937988281,L2,2025-01-31 12:57:31.924
09f8e2fd75794cb5a947762733ecea37,0.0016968250274658203,L3,2025-01-31 12:57:32.143
080be9b7561f434193140fba80553305,0.0013346672058105469,L3,2025-01-31 12:57:32.182
dba851be51814ea59d899b082760eed1,0.0009734630584716797,L3,2025-01-31 12:57:32.332
03ad59240d69458a9fafd3e51e41d9a0,0.0010483264923095703,L3,2025-01-31 12:57:32.351
1095f53dbb8047188b1822928deb5316,0.0010852813720703125,L3,2025-01-31 12:57:32.454
d84c70c7fe4d468196fc6d00dae21cb0,0.0008478164672851562,L3,2025-01-31 12:57:33.382
b906bedebb564a06b8cced760772315c,0.0011126995086669922,L3,2025-01-31 12:57:33.401
61e63975f80f46f188414efb865b18c3,0.0008776187896728516,L3,2025-01-31 12:57:34.159
f064ab1f9362438c944128a7d69fa60a,0.001013040542602539,L3,2025-01-31 12:57:34.178
d0dfca87884c4ad399d3d8f7201da6d4,0.0013768672943115234,L3,2025-01-31 12:57:34.198
9309082b492143ddba6397f028c7ac4a,0.001420736312866211,L3,2025-01-31 12:57:34.218
d5fa483604c74031b7506d039618793c,0.002823352813720703,L3,2025-01-31 12:57:34.240
