aggregation_time,timestamp
41,2025-04-29 07:52:56.764
33,2025-04-29 07:52:57.731
32,2025-04-29 07:52:58.669
35,2025-04-29 07:52:59.567
32,2025-04-29 07:53:00.519
36,2025-04-29 07:53:01.470
32,2025-04-29 07:53:02.464
35,2025-04-29 07:53:03.449
32,2025-04-29 07:53:04.363
35,2025-04-29 07:53:05.355
32,2025-04-29 07:53:06.314
36,2025-04-29 07:53:07.266
32,2025-04-29 07:53:08.206
35,2025-04-29 07:53:09.136
33,2025-04-29 07:53:10.026
36,2025-04-29 07:53:11.044
33,2025-04-29 07:53:12.018
36,2025-04-29 07:53:12.968
32,2025-04-29 07:53:13.912
36,2025-04-29 07:53:14.890
32,2025-04-29 07:53:15.863
34,2025-04-29 07:53:16.865
33,2025-04-29 07:53:17.835
32,2025-04-29 07:53:18.805
36,2025-04-29 07:53:19.784
32,2025-04-29 07:53:20.805
35,2025-04-29 07:53:21.738
32,2025-04-29 07:53:22.712
37,2025-04-29 07:53:23.648
31,2025-04-29 07:53:24.617
35,2025-04-29 07:53:25.596
31,2025-04-29 07:53:26.537
36,2025-04-29 07:53:27.529
32,2025-04-29 07:53:28.486
34,2025-04-29 07:53:29.466
31,2025-04-29 07:53:30.388
34,2025-04-29 07:53:31.326
31,2025-04-29 07:53:32.307
37,2025-04-29 07:53:33.254
31,2025-04-29 07:53:34.220
36,2025-04-29 07:53:35.149
31,2025-04-29 07:53:36.076
36,2025-04-29 07:53:37.050
33,2025-04-29 07:53:38.000
34,2025-04-29 07:53:38.942
32,2025-04-29 07:53:39.919
35,2025-04-29 07:53:40.891
31,2025-04-29 07:53:41.875
38,2025-04-29 07:53:42.883
32,2025-04-29 07:53:43.906
36,2025-04-29 07:53:44.873
31,2025-04-29 07:53:45.872
36,2025-04-29 07:53:46.885
32,2025-04-29 07:53:47.873
35,2025-04-29 07:53:48.859
31,2025-04-29 07:53:49.826
34,2025-04-29 07:53:50.811
31,2025-04-29 07:53:51.750
37,2025-04-29 07:53:52.739
31,2025-04-29 07:53:53.684
36,2025-04-29 07:53:54.586
31,2025-04-29 07:53:55.529
36,2025-04-29 07:53:56.524
32,2025-04-29 07:53:57.522
34,2025-04-29 07:53:58.487
32,2025-04-29 07:53:59.496
35,2025-04-29 07:54:00.459
32,2025-04-29 07:54:01.426
38,2025-04-29 07:54:02.404
31,2025-04-29 07:54:03.341
36,2025-04-29 07:54:04.288
31,2025-04-29 07:54:05.263
36,2025-04-29 07:54:06.176
32,2025-04-29 07:54:07.170
35,2025-04-29 07:54:08.058
32,2025-04-29 07:54:09.013
36,2025-04-29 07:54:09.956
32,2025-04-29 07:54:10.924
38,2025-04-29 07:54:11.917
32,2025-04-29 07:54:12.854
37,2025-04-29 07:54:13.802
33,2025-04-29 07:54:14.742
37,2025-04-29 07:54:15.684
32,2025-04-29 07:54:16.623
36,2025-04-29 07:54:17.549
32,2025-04-29 07:54:18.521
36,2025-04-29 07:54:19.476
33,2025-04-29 07:54:20.434
38,2025-04-29 07:54:21.354
32,2025-04-29 07:54:22.264
37,2025-04-29 07:54:23.215
32,2025-04-29 07:54:24.179
37,2025-04-29 07:54:25.128
32,2025-04-29 07:54:26.145
35,2025-04-29 07:54:27.091
33,2025-04-29 07:54:27.996
36,2025-04-29 07:54:28.934
32,2025-04-29 07:54:29.865
38,2025-04-29 07:54:30.838
33,2025-04-29 07:54:31.766
37,2025-04-29 07:54:32.704
32,2025-04-29 07:54:33.666
38,2025-04-29 07:54:34.676
33,2025-04-29 07:54:35.594
35,2025-04-29 07:54:36.499
32,2025-04-29 07:54:37.447
36,2025-04-29 07:54:38.361
32,2025-04-29 07:54:39.330
39,2025-04-29 07:54:40.224
33,2025-04-29 07:54:41.115
37,2025-04-29 07:54:42.070
33,2025-04-29 07:54:43.002
38,2025-04-29 07:54:43.897
33,2025-04-29 07:54:44.882
36,2025-04-29 07:54:45.839
33,2025-04-29 07:54:46.747
36,2025-04-29 07:54:47.705
33,2025-04-29 07:54:48.641
39,2025-04-29 07:54:49.569
33,2025-04-29 07:54:50.473
37,2025-04-29 07:54:51.429
33,2025-04-29 07:54:52.394
37,2025-04-29 07:54:53.347
33,2025-04-29 07:54:54.251
36,2025-04-29 07:54:55.155
33,2025-04-29 07:54:56.157
36,2025-04-29 07:54:57.124
33,2025-04-29 07:54:58.026
38,2025-04-29 07:54:58.933
33,2025-04-29 07:54:59.913
37,2025-04-29 07:55:00.863
32,2025-04-29 07:55:01.816
38,2025-04-29 07:55:02.763
33,2025-04-29 07:55:03.712
36,2025-04-29 07:55:04.646
33,2025-04-29 07:55:05.583
36,2025-04-29 07:55:06.568
32,2025-04-29 07:55:07.453
38,2025-04-29 07:55:08.403
33,2025-04-29 07:55:09.336
37,2025-04-29 07:55:10.271
32,2025-04-29 07:55:11.225
38,2025-04-29 07:55:12.210
33,2025-04-29 07:55:13.216
36,2025-04-29 07:55:14.198
32,2025-04-29 07:55:15.185
37,2025-04-29 07:55:16.100
33,2025-04-29 07:55:17.024
38,2025-04-29 07:55:17.979
34,2025-04-29 07:55:18.967
37,2025-04-29 07:55:19.932
33,2025-04-29 07:55:20.872
38,2025-04-29 07:55:21.790
33,2025-04-29 07:55:22.732
36,2025-04-29 07:55:23.636
33,2025-04-29 07:55:24.530
37,2025-04-29 07:55:25.438
33,2025-04-29 07:55:26.369
38,2025-04-29 07:55:27.414
33,2025-04-29 07:55:28.358
37,2025-04-29 07:55:29.270
34,2025-04-29 07:55:30.215
38,2025-04-29 07:55:31.153
34,2025-04-29 07:55:32.094
36,2025-04-29 07:55:33.032
34,2025-04-29 07:55:34.007
37,2025-04-29 07:55:34.965
33,2025-04-29 07:55:35.926
38,2025-04-29 07:55:36.886
33,2025-04-29 07:55:37.824
38,2025-04-29 07:55:38.792
33,2025-04-29 07:55:39.836
38,2025-04-29 07:55:40.749
33,2025-04-29 07:55:41.768
36,2025-04-29 07:55:42.681
33,2025-04-29 07:55:43.670
36,2025-04-29 07:55:44.612
33,2025-04-29 07:55:45.632
40,2025-04-29 07:55:46.610
34,2025-04-29 07:55:47.616
37,2025-04-29 07:55:48.553
33,2025-04-29 07:55:49.479
40,2025-04-29 07:55:50.470
33,2025-04-29 07:55:51.411
36,2025-04-29 07:55:52.398
38,2025-04-29 07:55:53.346
36,2025-04-29 07:55:54.292
33,2025-04-29 07:55:55.235
39,2025-04-29 07:55:56.150
33,2025-04-29 07:55:57.048
37,2025-04-29 07:55:57.998
33,2025-04-29 07:55:58.902
38,2025-04-29 07:55:59.791
33,2025-04-29 07:56:00.774
36,2025-04-29 07:56:01.722
33,2025-04-29 07:56:02.658
36,2025-04-29 07:56:03.591
32,2025-04-29 07:56:04.550
38,2025-04-29 07:56:05.458
33,2025-04-29 07:56:06.428
37,2025-04-29 07:56:07.480
33,2025-04-29 07:56:08.412
38,2025-04-29 07:56:09.378
33,2025-04-29 07:56:10.338
36,2025-04-29 07:56:11.296
33,2025-04-29 07:56:12.254
36,2025-04-29 07:56:13.224
33,2025-04-29 07:56:14.196
38,2025-04-29 07:56:15.147
34,2025-04-29 07:56:16.111
37,2025-04-29 07:56:17.080
33,2025-04-29 07:56:18.081
38,2025-04-29 07:56:19.086
33,2025-04-29 07:56:20.076
36,2025-04-29 07:56:21.038
32,2025-04-29 07:56:21.960
36,2025-04-29 07:56:22.902
33,2025-04-29 07:56:23.807
38,2025-04-29 07:56:24.757
34,2025-04-29 07:56:25.655
37,2025-04-29 07:56:26.596
33,2025-04-29 07:56:27.522
38,2025-04-29 07:56:28.438
33,2025-04-29 07:56:29.367
37,2025-04-29 07:56:30.275
33,2025-04-29 07:56:31.212
36,2025-04-29 07:56:32.156
34,2025-04-29 07:56:33.096
38,2025-04-29 07:56:34.044
33,2025-04-29 07:56:34.929
37,2025-04-29 07:56:35.853
33,2025-04-29 07:56:36.810
38,2025-04-29 07:56:37.765
33,2025-04-29 07:56:38.720
36,2025-04-29 07:56:39.683
33,2025-04-29 07:56:40.634
40,2025-04-29 07:56:41.575
33,2025-04-29 07:56:42.560
38,2025-04-29 07:56:43.507
33,2025-04-29 07:56:44.477
38,2025-04-29 07:56:45.490
33,2025-04-29 07:56:46.459
38,2025-04-29 07:56:47.428
33,2025-04-29 07:56:48.348
36,2025-04-29 07:56:49.327
33,2025-04-29 07:56:50.283
36,2025-04-29 07:56:51.240
34,2025-04-29 07:56:52.272
39,2025-04-29 07:56:53.273
33,2025-04-29 07:56:54.270
37,2025-04-29 07:56:55.268
33,2025-04-29 07:56:56.241
38,2025-04-29 07:56:57.192
33,2025-04-29 07:56:58.149
36,2025-04-29 07:56:59.124
33,2025-04-29 07:57:00.108
36,2025-04-29 07:57:01.084
32,2025-04-29 07:57:02.022
39,2025-04-29 07:57:02.968
33,2025-04-29 07:57:03.962
37,2025-04-29 07:57:04.879
33,2025-04-29 07:57:05.876
38,2025-04-29 07:57:06.843
34,2025-04-29 07:57:07.808
36,2025-04-29 07:57:08.769
33,2025-04-29 07:57:09.798
37,2025-04-29 07:57:10.766
33,2025-04-29 07:57:11.680
39,2025-04-29 07:57:12.660
33,2025-04-29 07:57:13.621
38,2025-04-29 07:57:14.563
34,2025-04-29 07:57:15.552
38,2025-04-29 07:57:16.512
33,2025-04-29 07:57:17.451
36,2025-04-29 07:57:18.385
33,2025-04-29 07:57:19.362
36,2025-04-29 07:57:20.252
32,2025-04-29 07:57:21.202
38,2025-04-29 07:57:22.139
33,2025-04-29 07:57:23.096
37,2025-04-29 07:57:24.012
33,2025-04-29 07:57:24.968
38,2025-04-29 07:57:25.918
34,2025-04-29 07:57:26.821
36,2025-04-29 07:57:27.772
33,2025-04-29 07:57:28.666
36,2025-04-29 07:57:29.645
32,2025-04-29 07:57:30.579
38,2025-04-29 07:57:31.500
33,2025-04-29 07:57:32.483
36,2025-04-29 07:57:33.447
33,2025-04-29 07:57:34.378
38,2025-04-29 07:57:35.367
33,2025-04-29 07:57:36.332
36,2025-04-29 07:57:37.240
49,2025-04-29 07:57:38.194
36,2025-04-29 07:57:39.146
33,2025-04-29 07:57:40.072
38,2025-04-29 07:57:41.066
33,2025-04-29 07:57:42.044
37,2025-04-29 07:57:42.963
33,2025-04-29 07:57:43.946
38,2025-04-29 07:57:44.913
33,2025-04-29 07:57:45.818
36,2025-04-29 07:57:46.750
34,2025-04-29 07:57:47.700
36,2025-04-29 07:57:48.692
33,2025-04-29 07:57:49.671
38,2025-04-29 07:57:50.625
33,2025-04-29 07:57:51.593
37,2025-04-29 07:57:52.552
33,2025-04-29 07:57:53.562
38,2025-04-29 07:57:54.572
33,2025-04-29 07:57:55.577
36,2025-04-29 07:57:56.577
33,2025-04-29 07:57:57.528
36,2025-04-29 07:57:58.477
33,2025-04-29 07:57:59.425
39,2025-04-29 07:58:00.338
33,2025-04-29 07:58:01.309
37,2025-04-29 07:58:02.217
33,2025-04-29 07:58:03.187
38,2025-04-29 07:58:04.195
33,2025-04-29 07:58:05.155
36,2025-04-29 07:58:06.135
33,2025-04-29 07:58:07.040
37,2025-04-29 07:58:07.996
33,2025-04-29 07:58:08.935
38,2025-04-29 07:58:09.881
33,2025-04-29 07:58:10.823
37,2025-04-29 07:58:11.779
34,2025-04-29 07:58:12.701
38,2025-04-29 07:58:13.603
33,2025-04-29 07:58:14.589
36,2025-04-29 07:58:15.474
33,2025-04-29 07:58:16.410
36,2025-04-29 07:58:17.395
33,2025-04-29 07:58:18.316
38,2025-04-29 07:58:19.204
33,2025-04-29 07:58:20.135
37,2025-04-29 07:58:21.023
33,2025-04-29 07:58:21.963
38,2025-04-29 07:58:22.886
33,2025-04-29 07:58:23.831
36,2025-04-29 07:58:24.755
34,2025-04-29 07:58:25.716
36,2025-04-29 07:58:26.629
33,2025-04-29 07:58:27.555
38,2025-04-29 07:58:28.469
32,2025-04-29 07:58:29.406
37,2025-04-29 07:58:30.356
33,2025-04-29 07:58:31.335
41,2025-04-29 07:58:32.266
33,2025-04-29 07:58:33.170
36,2025-04-29 07:58:34.130
33,2025-04-29 07:58:35.121
36,2025-04-29 07:58:36.104
33,2025-04-29 07:58:37.101
38,2025-04-29 07:58:38.057
33,2025-04-29 07:58:38.997
38,2025-04-29 07:58:39.946
33,2025-04-29 07:58:40.845
37,2025-04-29 07:58:41.751
35,2025-04-29 07:58:42.712
36,2025-04-29 07:58:43.614
34,2025-04-29 07:58:44.582
36,2025-04-29 07:58:45.523
33,2025-04-29 07:58:46.509
38,2025-04-29 07:58:47.474
33,2025-04-29 07:58:48.420
36,2025-04-29 07:58:49.417
34,2025-04-29 07:58:50.358
38,2025-04-29 07:58:51.286
33,2025-04-29 07:58:52.203
36,2025-04-29 07:58:53.103
33,2025-04-29 07:58:54.050
42,2025-04-29 07:58:55.021
36,2025-04-29 07:58:55.992
39,2025-04-29 07:58:56.943
33,2025-04-29 07:58:57.903
37,2025-04-29 07:58:58.858
33,2025-04-29 07:58:59.809
38,2025-04-29 07:59:00.779
33,2025-04-29 07:59:01.742
38,2025-04-29 07:59:02.719
33,2025-04-29 07:59:03.702
37,2025-04-29 07:59:04.665
39,2025-04-29 07:59:05.646
39,2025-04-29 07:59:06.645
33,2025-04-29 07:59:07.607
37,2025-04-29 07:59:08.578
34,2025-04-29 07:59:09.558
39,2025-04-29 07:59:10.509
33,2025-04-29 07:59:11.439
36,2025-04-29 07:59:12.418
33,2025-04-29 07:59:13.433
36,2025-04-29 07:59:14.410
32,2025-04-29 07:59:15.356
39,2025-04-29 07:59:16.355
33,2025-04-29 07:59:17.264
37,2025-04-29 07:59:18.248
35,2025-04-29 07:59:19.148
39,2025-04-29 07:59:20.106
33,2025-04-29 07:59:21.053
36,2025-04-29 07:59:22.017
33,2025-04-29 07:59:22.929
36,2025-04-29 07:59:23.878
34,2025-04-29 07:59:24.864
39,2025-04-29 07:59:25.830
32,2025-04-29 07:59:26.838
37,2025-04-29 07:59:27.749
37,2025-04-29 07:59:28.723
38,2025-04-29 07:59:29.691
33,2025-04-29 07:59:30.674
36,2025-04-29 07:59:31.624
33,2025-04-29 07:59:32.587
36,2025-04-29 07:59:33.597
37,2025-04-29 07:59:34.537
38,2025-04-29 07:59:35.512
32,2025-04-29 07:59:36.463
37,2025-04-29 07:59:37.426
33,2025-04-29 07:59:38.405
37,2025-04-29 07:59:39.396
33,2025-04-29 07:59:40.379
36,2025-04-29 07:59:41.301
33,2025-04-29 07:59:42.315
37,2025-04-29 07:59:43.324
37,2025-04-29 07:59:44.229
38,2025-04-29 07:59:45.171
32,2025-04-29 07:59:46.051
37,2025-04-29 07:59:46.997
33,2025-04-29 07:59:47.952
38,2025-04-29 07:59:48.884
33,2025-04-29 07:59:49.814
36,2025-04-29 07:59:50.730
33,2025-04-29 07:59:51.645
36,2025-04-29 07:59:52.598
32,2025-04-29 07:59:53.545
38,2025-04-29 07:59:54.486
32,2025-04-29 07:59:55.437
37,2025-04-29 07:59:56.344
32,2025-04-29 07:59:57.293
38,2025-04-29 07:59:58.224
32,2025-04-29 07:59:59.158
35,2025-04-29 08:00:00.109
33,2025-04-29 08:00:01.013
35,2025-04-29 08:00:01.963
32,2025-04-29 08:00:02.927
44,2025-04-29 08:00:03.887
33,2025-04-29 08:00:04.862
37,2025-04-29 08:00:05.759
35,2025-04-29 08:00:06.746
44,2025-04-29 08:00:07.713
33,2025-04-29 08:00:08.602
36,2025-04-29 08:00:09.501
32,2025-04-29 08:00:10.410
37,2025-04-29 08:00:11.360
32,2025-04-29 08:00:12.248
38,2025-04-29 08:00:13.249
32,2025-04-29 08:00:14.185
37,2025-04-29 08:00:15.112
33,2025-04-29 08:00:16.045
38,2025-04-29 08:00:16.954
33,2025-04-29 08:00:17.962
36,2025-04-29 08:00:18.917
33,2025-04-29 08:00:19.848
36,2025-04-29 08:00:20.823
32,2025-04-29 08:00:21.751
50,2025-04-29 08:00:22.725
33,2025-04-29 08:00:23.661
37,2025-04-29 08:00:24.651
33,2025-04-29 08:00:25.624
38,2025-04-29 08:00:26.587
32,2025-04-29 08:00:27.510
42,2025-04-29 08:00:28.479
33,2025-04-29 08:00:29.373
35,2025-04-29 08:00:30.286
32,2025-04-29 08:00:31.205
38,2025-04-29 08:00:32.184
33,2025-04-29 08:00:33.133
36,2025-04-29 08:00:34.108
33,2025-04-29 08:00:35.119
38,2025-04-29 08:00:36.094
33,2025-04-29 08:00:37.012
36,2025-04-29 08:00:37.961
33,2025-04-29 08:00:38.942
36,2025-04-29 08:00:39.887
32,2025-04-29 08:00:40.838
38,2025-04-29 08:00:41.775
33,2025-04-29 08:00:42.694
37,2025-04-29 08:00:43.642
33,2025-04-29 08:00:44.577
45,2025-04-29 08:00:45.551
32,2025-04-29 08:00:46.495
37,2025-04-29 08:00:47.418
33,2025-04-29 08:00:48.318
37,2025-04-29 08:00:49.214
32,2025-04-29 08:00:50.140
38,2025-04-29 08:00:51.047
33,2025-04-29 08:00:52.025
38,2025-04-29 08:00:52.976
33,2025-04-29 08:00:53.950
38,2025-04-29 08:00:54.917
33,2025-04-29 08:00:55.866
37,2025-04-29 08:00:56.832
33,2025-04-29 08:00:57.762
40,2025-04-29 08:00:58.720
33,2025-04-29 08:00:59.627
40,2025-04-29 08:01:00.643
33,2025-04-29 08:01:01.604
37,2025-04-29 08:01:02.583
33,2025-04-29 08:01:03.553
38,2025-04-29 08:01:04.522
32,2025-04-29 08:01:05.489
36,2025-04-29 08:01:06.497
32,2025-04-29 08:01:07.471
36,2025-04-29 08:01:08.448
32,2025-04-29 08:01:09.379
38,2025-04-29 08:01:10.277
33,2025-04-29 08:01:11.182
36,2025-04-29 08:01:12.082
33,2025-04-29 08:01:13.021
38,2025-04-29 08:01:13.961
33,2025-04-29 08:01:14.904
36,2025-04-29 08:01:15.850
33,2025-04-29 08:01:16.745
36,2025-04-29 08:01:17.697
32,2025-04-29 08:01:18.627
38,2025-04-29 08:01:19.626
32,2025-04-29 08:01:20.597
36,2025-04-29 08:01:21.565
33,2025-04-29 08:01:22.544
37,2025-04-29 08:01:23.509
33,2025-04-29 08:01:24.514
36,2025-04-29 08:01:25.478
33,2025-04-29 08:01:26.470
36,2025-04-29 08:01:27.491
33,2025-04-29 08:01:28.456
39,2025-04-29 08:01:29.457
33,2025-04-29 08:01:30.403
37,2025-04-29 08:01:31.371
33,2025-04-29 08:01:32.388
38,2025-04-29 08:01:33.377
33,2025-04-29 08:01:34.270
36,2025-04-29 08:01:35.198
33,2025-04-29 08:01:36.112
36,2025-04-29 08:01:37.086
32,2025-04-29 08:01:38.041
38,2025-04-29 08:01:39.154
33,2025-04-29 08:01:40.122
36,2025-04-29 08:01:41.032
33,2025-04-29 08:01:41.919
38,2025-04-29 08:01:42.818
33,2025-04-29 08:01:43.725
36,2025-04-29 08:01:44.628
33,2025-04-29 08:01:45.591
35,2025-04-29 08:01:46.532
32,2025-04-29 08:01:47.453
38,2025-04-29 08:01:48.406
32,2025-04-29 08:01:49.338
36,2025-04-29 08:01:50.333
33,2025-04-29 08:01:51.294
38,2025-04-29 08:01:52.284
33,2025-04-29 08:01:53.237
36,2025-04-29 08:01:54.205
33,2025-04-29 08:01:55.162
36,2025-04-29 08:01:56.139
33,2025-04-29 08:01:57.085
39,2025-04-29 08:01:58.109
33,2025-04-29 08:01:59.037
42,2025-04-29 08:01:59.982
33,2025-04-29 08:02:00.939
38,2025-04-29 08:02:01.924
37,2025-04-29 08:02:02.909
36,2025-04-29 08:02:03.859
33,2025-04-29 08:02:04.836
36,2025-04-29 08:02:05.815
32,2025-04-29 08:02:06.778
38,2025-04-29 08:02:07.718
33,2025-04-29 08:02:08.678
37,2025-04-29 08:02:09.656
33,2025-04-29 08:02:10.564
38,2025-04-29 08:02:11.543
33,2025-04-29 08:02:12.490
36,2025-04-29 08:02:13.484
33,2025-04-29 08:02:14.370
36,2025-04-29 08:02:15.337
33,2025-04-29 08:02:16.286
38,2025-04-29 08:02:17.236
33,2025-04-29 08:02:18.135
37,2025-04-29 08:02:19.099
33,2025-04-29 08:02:20.033
37,2025-04-29 08:02:20.964
33,2025-04-29 08:02:21.875
36,2025-04-29 08:02:22.785
33,2025-04-29 08:02:23.710
36,2025-04-29 08:02:24.676
33,2025-04-29 08:02:25.600
38,2025-04-29 08:02:26.596
33,2025-04-29 08:02:27.526
37,2025-04-29 08:02:28.478
33,2025-04-29 08:02:29.400
38,2025-04-29 08:02:30.344
33,2025-04-29 08:02:31.227
36,2025-04-29 08:02:32.251
33,2025-04-29 08:02:33.319
36,2025-04-29 08:02:34.310
32,2025-04-29 08:02:35.230
44,2025-04-29 08:02:36.181
33,2025-04-29 08:02:37.100
37,2025-04-29 08:02:38.037
33,2025-04-29 08:02:38.987
38,2025-04-29 08:02:39.930
32,2025-04-29 08:02:40.818
36,2025-04-29 08:02:41.785
33,2025-04-29 08:02:42.693
36,2025-04-29 08:02:43.688
32,2025-04-29 08:02:44.590
38,2025-04-29 08:02:45.508
32,2025-04-29 08:02:46.438
37,2025-04-29 08:02:47.391
33,2025-04-29 08:02:48.292
38,2025-04-29 08:02:49.323
33,2025-04-29 08:02:50.215
36,2025-04-29 08:02:51.118
33,2025-04-29 08:02:52.073
36,2025-04-29 08:02:53.040
33,2025-04-29 08:02:53.959
38,2025-04-29 08:02:54.938
33,2025-04-29 08:02:55.833
37,2025-04-29 08:02:56.746
33,2025-04-29 08:02:57.634
38,2025-04-29 08:02:58.636
33,2025-04-29 08:02:59.520
36,2025-04-29 08:03:00.415
33,2025-04-29 08:03:01.340
36,2025-04-29 08:03:02.318
32,2025-04-29 08:03:03.261
38,2025-04-29 08:03:04.264
33,2025-04-29 08:03:05.242
37,2025-04-29 08:03:06.249
33,2025-04-29 08:03:07.227
38,2025-04-29 08:03:08.227
33,2025-04-29 08:03:09.180
36,2025-04-29 08:03:10.164
33,2025-04-29 08:03:11.052
35,2025-04-29 08:03:12.048
33,2025-04-29 08:03:12.999
38,2025-04-29 08:03:13.965
33,2025-04-29 08:03:14.921
36,2025-04-29 08:03:15.895
38,2025-04-29 08:03:16.914
38,2025-04-29 08:03:17.894
33,2025-04-29 08:03:18.864
36,2025-04-29 08:03:19.844
33,2025-04-29 08:03:20.838
36,2025-04-29 08:03:21.769
32,2025-04-29 08:03:22.719
38,2025-04-29 08:03:23.691
33,2025-04-29 08:03:24.646
37,2025-04-29 08:03:25.587
33,2025-04-29 08:03:26.563
38,2025-04-29 08:03:27.510
33,2025-04-29 08:03:28.400
36,2025-04-29 08:03:29.299
33,2025-04-29 08:03:30.204
36,2025-04-29 08:03:31.181
32,2025-04-29 08:03:32.086
38,2025-04-29 08:03:33.070
33,2025-04-29 08:03:33.977
37,2025-04-29 08:03:34.917
33,2025-04-29 08:03:35.854
38,2025-04-29 08:03:36.796
33,2025-04-29 08:03:37.742
36,2025-04-29 08:03:38.836
33,2025-04-29 08:03:39.789
36,2025-04-29 08:03:40.722
33,2025-04-29 08:03:41.693
38,2025-04-29 08:03:42.632
33,2025-04-29 08:03:43.618
37,2025-04-29 08:03:44.598
33,2025-04-29 08:03:45.577
38,2025-04-29 08:03:46.523
33,2025-04-29 08:03:47.506
36,2025-04-29 08:03:48.442
33,2025-04-29 08:03:49.432
36,2025-04-29 08:03:50.392
32,2025-04-29 08:03:51.326
38,2025-04-29 08:03:52.270
33,2025-04-29 08:03:53.218
36,2025-04-29 08:03:54.145
33,2025-04-29 08:03:55.094
37,2025-04-29 08:03:56.077
32,2025-04-29 08:03:57.047
36,2025-04-29 08:03:58.041
33,2025-04-29 08:03:58.977
36,2025-04-29 08:03:59.927
32,2025-04-29 08:04:00.895
38,2025-04-29 08:04:01.881
33,2025-04-29 08:04:02.829
37,2025-04-29 08:04:03.793
33,2025-04-29 08:04:04.748
38,2025-04-29 08:04:05.690
33,2025-04-29 08:04:06.615
36,2025-04-29 08:04:07.581
33,2025-04-29 08:04:08.494
36,2025-04-29 08:04:09.441
32,2025-04-29 08:04:10.397
38,2025-04-29 08:04:11.340
33,2025-04-29 08:04:12.291
37,2025-04-29 08:04:13.191
33,2025-04-29 08:04:14.149
38,2025-04-29 08:04:15.101
33,2025-04-29 08:04:16.002
36,2025-04-29 08:04:16.928
33,2025-04-29 08:04:17.850
36,2025-04-29 08:04:18.784
33,2025-04-29 08:04:19.686
39,2025-04-29 08:04:20.659
33,2025-04-29 08:04:21.612
40,2025-04-29 08:04:22.586
33,2025-04-29 08:04:23.527
38,2025-04-29 08:04:24.469
33,2025-04-29 08:04:25.372
41,2025-04-29 08:04:26.369
33,2025-04-29 08:04:27.301
42,2025-04-29 08:04:28.285
38,2025-04-29 08:04:29.452
38,2025-04-29 08:04:30.390
33,2025-04-29 08:04:31.476
37,2025-04-29 08:04:32.434
36,2025-04-29 08:04:33.414
38,2025-04-29 08:04:34.364
33,2025-04-29 08:04:35.343
36,2025-04-29 08:04:36.296
35,2025-04-29 08:04:37.293
36,2025-04-29 08:04:38.271
34,2025-04-29 08:04:39.253
38,2025-04-29 08:04:40.269
33,2025-04-29 08:04:41.203
37,2025-04-29 08:04:42.139
92,2025-04-29 08:04:43.169
38,2025-04-29 08:04:44.108
37,2025-04-29 08:04:45.101
37,2025-04-29 08:04:46.020
33,2025-04-29 08:04:46.992
36,2025-04-29 08:04:47.940
33,2025-04-29 08:04:48.901
38,2025-04-29 08:04:49.810
33,2025-04-29 08:04:50.770
36,2025-04-29 08:04:51.732
33,2025-04-29 08:04:52.660
38,2025-04-29 08:04:53.603
33,2025-04-29 08:04:54.517
36,2025-04-29 08:04:55.494
34,2025-04-29 08:04:56.407
36,2025-04-29 08:04:57.358
32,2025-04-29 08:04:58.342
38,2025-04-29 08:04:59.275
36,2025-04-29 08:05:00.252
37,2025-04-29 08:05:01.156
33,2025-04-29 08:05:02.087
38,2025-04-29 08:05:02.990
33,2025-04-29 08:05:03.974
36,2025-04-29 08:05:04.857
33,2025-04-29 08:05:05.812
37,2025-04-29 08:05:06.728
32,2025-04-29 08:05:07.672
40,2025-04-29 08:05:08.611
33,2025-04-29 08:05:09.563
37,2025-04-29 08:05:10.483
33,2025-04-29 08:05:11.411
38,2025-04-29 08:05:12.320
38,2025-04-29 08:05:13.238
36,2025-04-29 08:05:14.162
33,2025-04-29 08:05:15.110
36,2025-04-29 08:05:16.048
33,2025-04-29 08:05:17.042
41,2025-04-29 08:05:17.935
33,2025-04-29 08:05:18.924
37,2025-04-29 08:05:19.812
33,2025-04-29 08:05:20.780
38,2025-04-29 08:05:21.714
33,2025-04-29 08:05:22.669
36,2025-04-29 08:05:23.607
77,2025-04-29 08:05:24.630
36,2025-04-29 08:05:25.562
32,2025-04-29 08:05:26.525
38,2025-04-29 08:05:27.494
33,2025-04-29 08:05:28.474
37,2025-04-29 08:05:29.371
33,2025-04-29 08:05:30.372
37,2025-04-29 08:05:31.343
34,2025-04-29 08:05:32.350
36,2025-04-29 08:05:33.301
33,2025-04-29 08:05:34.316
35,2025-04-29 08:05:35.653
33,2025-04-29 08:05:36.670
39,2025-04-29 08:05:37.643
35,2025-04-29 08:05:38.720
37,2025-04-29 08:05:39.646
33,2025-04-29 08:05:40.565
44,2025-04-29 08:05:41.614
34,2025-04-29 08:05:42.541
36,2025-04-29 08:05:43.453
33,2025-04-29 08:05:44.409
36,2025-04-29 08:05:45.380
33,2025-04-29 08:05:46.359
38,2025-04-29 08:05:47.324
33,2025-04-29 08:05:48.325
37,2025-04-29 08:05:49.236
35,2025-04-29 08:05:50.185
38,2025-04-29 08:05:51.162
33,2025-04-29 08:05:52.092
36,2025-04-29 08:05:53.057
33,2025-04-29 08:05:54.026
36,2025-04-29 08:05:54.965
33,2025-04-29 08:05:55.908
39,2025-04-29 08:05:56.878
33,2025-04-29 08:05:57.796
43,2025-04-29 08:05:58.709
50,2025-04-29 08:05:59.663
38,2025-04-29 08:06:00.642
33,2025-04-29 08:06:01.626
36,2025-04-29 08:06:02.593
39,2025-04-29 08:06:03.551
36,2025-04-29 08:06:04.474
34,2025-04-29 08:06:05.448
38,2025-04-29 08:06:06.377
33,2025-04-29 08:06:07.335
39,2025-04-29 08:06:08.283
33,2025-04-29 08:06:09.283
38,2025-04-29 08:06:10.196
33,2025-04-29 08:06:11.121
38,2025-04-29 08:06:12.114
33,2025-04-29 08:06:13.080
36,2025-04-29 08:06:13.979
32,2025-04-29 08:06:14.910
38,2025-04-29 08:06:15.869
32,2025-04-29 08:06:16.812
36,2025-04-29 08:06:17.782
40,2025-04-29 08:06:18.714
37,2025-04-29 08:06:19.615
35,2025-04-29 08:06:20.592
35,2025-04-29 08:06:21.505
33,2025-04-29 08:06:22.407
36,2025-04-29 08:06:23.328
32,2025-04-29 08:06:24.291
38,2025-04-29 08:06:25.221
32,2025-04-29 08:06:26.171
37,2025-04-29 08:06:27.582
33,2025-04-29 08:06:28.512
38,2025-04-29 08:06:29.452
33,2025-04-29 08:06:30.485
36,2025-04-29 08:06:31.395
34,2025-04-29 08:06:32.343
38,2025-04-29 08:06:33.292
33,2025-04-29 08:06:34.248
39,2025-04-29 08:06:35.167
33,2025-04-29 08:06:36.096
37,2025-04-29 08:06:37.022
32,2025-04-29 08:06:37.992
38,2025-04-29 08:06:38.931
33,2025-04-29 08:06:39.903
37,2025-04-29 08:06:40.851
33,2025-04-29 08:06:42.022
42,2025-04-29 08:06:42.939
32,2025-04-29 08:06:43.881
38,2025-04-29 08:06:44.807
32,2025-04-29 08:06:45.756
37,2025-04-29 08:06:46.646
33,2025-04-29 08:06:47.547
38,2025-04-29 08:06:48.497
32,2025-04-29 08:06:49.413
36,2025-04-29 08:06:50.372
33,2025-04-29 08:06:51.295
36,2025-04-29 08:06:52.218
32,2025-04-29 08:06:53.136
38,2025-04-29 08:06:54.032
37,2025-04-29 08:06:54.997
37,2025-04-29 08:06:55.928
33,2025-04-29 08:06:56.893
38,2025-04-29 08:06:57.800
33,2025-04-29 08:06:58.744
36,2025-04-29 08:06:59.664
33,2025-04-29 08:07:00.942
36,2025-04-29 08:07:01.864
32,2025-04-29 08:07:02.784
38,2025-04-29 08:07:03.693
33,2025-04-29 08:07:04.662
36,2025-04-29 08:07:05.600
33,2025-04-29 08:07:06.720
38,2025-04-29 08:07:07.788
40,2025-04-29 08:07:08.731
36,2025-04-29 08:07:09.676
33,2025-04-29 08:07:10.587
36,2025-04-29 08:07:11.534
32,2025-04-29 08:07:12.439
38,2025-04-29 08:07:13.388
33,2025-04-29 08:07:14.362
36,2025-04-29 08:07:15.319
32,2025-04-29 08:07:16.268
37,2025-04-29 08:07:17.164
33,2025-04-29 08:07:18.112
36,2025-04-29 08:07:19.019
32,2025-04-29 08:07:19.918
36,2025-04-29 08:07:20.870
32,2025-04-29 08:07:21.815
39,2025-04-29 08:07:22.772
32,2025-04-29 08:07:23.730
37,2025-04-29 08:07:24.671
32,2025-04-29 08:07:25.612
37,2025-04-29 08:07:26.558
33,2025-04-29 08:07:27.495
36,2025-04-29 08:07:28.418
33,2025-04-29 08:07:29.395
36,2025-04-29 08:07:30.326
32,2025-04-29 08:07:31.265
38,2025-04-29 08:07:32.233
33,2025-04-29 08:07:33.136
37,2025-04-29 08:07:34.095
32,2025-04-29 08:07:35.073
38,2025-04-29 08:07:36.005
33,2025-04-29 08:07:36.955
36,2025-04-29 08:07:37.952
34,2025-04-29 08:07:38.952
37,2025-04-29 08:07:39.939
34,2025-04-29 08:07:40.888
40,2025-04-29 08:07:42.090
32,2025-04-29 08:07:43.393
36,2025-04-29 08:07:44.382
32,2025-04-29 08:07:45.314
38,2025-04-29 08:07:46.316
33,2025-04-29 08:07:47.313
36,2025-04-29 08:07:48.319
33,2025-04-29 08:07:49.237
36,2025-04-29 08:07:50.229
32,2025-04-29 08:07:51.546
47,2025-04-29 08:07:52.694
33,2025-04-29 08:07:53.847
37,2025-04-29 08:07:54.841
33,2025-04-29 08:07:55.735
38,2025-04-29 08:07:56.735
33,2025-04-29 08:07:57.635
36,2025-04-29 08:07:58.585
33,2025-04-29 08:07:59.505
36,2025-04-29 08:08:00.567
38,2025-04-29 08:08:01.471
38,2025-04-29 08:08:02.379
33,2025-04-29 08:08:03.374
37,2025-04-29 08:08:04.375
34,2025-04-29 08:08:05.315
38,2025-04-29 08:08:06.329
33,2025-04-29 08:08:07.236
36,2025-04-29 08:08:08.197
33,2025-04-29 08:08:09.136
36,2025-04-29 08:08:10.102
37,2025-04-29 08:08:11.038
38,2025-04-29 08:08:12.082
34,2025-04-29 08:08:13.036
38,2025-04-29 08:08:14.037
40,2025-04-29 08:08:14.986
38,2025-04-29 08:08:15.988
33,2025-04-29 08:08:16.946
36,2025-04-29 08:08:17.934
33,2025-04-29 08:08:18.871
36,2025-04-29 08:08:19.832
35,2025-04-29 08:08:20.752
38,2025-04-29 08:08:21.673
33,2025-04-29 08:08:22.640
37,2025-04-29 08:08:23.546
33,2025-04-29 08:08:24.503
38,2025-04-29 08:08:25.463
33,2025-04-29 08:08:26.387
36,2025-04-29 08:08:27.354
33,2025-04-29 08:08:28.327
36,2025-04-29 08:08:29.257
33,2025-04-29 08:08:30.157
40,2025-04-29 08:08:31.076
33,2025-04-29 08:08:32.030
37,2025-04-29 08:08:33.030
33,2025-04-29 08:08:33.957
41,2025-04-29 08:08:35.161
33,2025-04-29 08:08:36.399
36,2025-04-29 08:08:37.591
33,2025-04-29 08:08:38.771
36,2025-04-29 08:08:39.727
37,2025-04-29 08:08:40.668
38,2025-04-29 08:08:41.627
35,2025-04-29 08:08:42.625
37,2025-04-29 08:08:43.551
33,2025-04-29 08:08:44.562
50,2025-04-29 08:08:45.568
36,2025-04-29 08:08:46.518
36,2025-04-29 08:08:47.496
33,2025-04-29 08:08:48.468
36,2025-04-29 08:08:49.472
33,2025-04-29 08:08:50.482
38,2025-04-29 08:08:51.657
33,2025-04-29 08:08:52.619
37,2025-04-29 08:08:53.547
33,2025-04-29 08:08:54.481
38,2025-04-29 08:08:55.445
33,2025-04-29 08:08:56.359
37,2025-04-29 08:08:57.683
32,2025-04-29 08:08:58.646
36,2025-04-29 08:08:59.557
33,2025-04-29 08:09:00.550
38,2025-04-29 08:09:01.490
32,2025-04-29 08:09:02.469
36,2025-04-29 08:09:03.423
33,2025-04-29 08:09:04.346
38,2025-04-29 08:09:05.271
33,2025-04-29 08:09:06.249
36,2025-04-29 08:09:07.213
45,2025-04-29 08:09:08.257
36,2025-04-29 08:09:09.199
33,2025-04-29 08:09:10.394
39,2025-04-29 08:09:11.332
33,2025-04-29 08:09:12.266
38,2025-04-29 08:09:13.488
38,2025-04-29 08:09:14.468
38,2025-04-29 08:09:15.468
33,2025-04-29 08:09:16.432
36,2025-04-29 08:09:17.316
33,2025-04-29 08:09:18.553
36,2025-04-29 08:09:19.597
32,2025-04-29 08:09:20.500
38,2025-04-29 08:09:21.448
33,2025-04-29 08:09:22.441
37,2025-04-29 08:09:23.404
33,2025-04-29 08:09:24.314
38,2025-04-29 08:09:25.476
37,2025-04-29 08:09:26.439
36,2025-04-29 08:09:27.406
33,2025-04-29 08:09:28.364
36,2025-04-29 08:09:29.325
33,2025-04-29 08:09:30.300
38,2025-04-29 08:09:31.263
33,2025-04-29 08:09:32.230
37,2025-04-29 08:09:33.196
33,2025-04-29 08:09:34.369
38,2025-04-29 08:09:35.549
33,2025-04-29 08:09:36.496
36,2025-04-29 08:09:37.411
33,2025-04-29 08:09:38.316
38,2025-04-29 08:09:39.291
32,2025-04-29 08:09:40.212
38,2025-04-29 08:09:41.417
33,2025-04-29 08:09:42.567
37,2025-04-29 08:09:43.530
48,2025-04-29 08:09:44.523
38,2025-04-29 08:09:45.464
33,2025-04-29 08:09:46.398
106,2025-04-29 08:09:47.581
40,2025-04-29 08:09:48.738
36,2025-04-29 08:09:49.672
33,2025-04-29 08:09:50.675
39,2025-04-29 08:09:51.644
34,2025-04-29 08:09:52.602
37,2025-04-29 08:09:53.695
34,2025-04-29 08:09:54.872
38,2025-04-29 08:09:55.804
33,2025-04-29 08:09:57.147
37,2025-04-29 08:09:58.111
33,2025-04-29 08:09:59.044
36,2025-04-29 08:10:00.008
32,2025-04-29 08:10:01.258
38,2025-04-29 08:10:02.443
33,2025-04-29 08:10:03.455
37,2025-04-29 08:10:04.422
33,2025-04-29 08:10:05.378
38,2025-04-29 08:10:06.584
33,2025-04-29 08:10:07.776
37,2025-04-29 08:10:08.729
33,2025-04-29 08:10:09.652
36,2025-04-29 08:10:10.653
34,2025-04-29 08:10:11.799
38,2025-04-29 08:10:12.918
34,2025-04-29 08:10:13.857
37,2025-04-29 08:10:14.846
33,2025-04-29 08:10:16.037
39,2025-04-29 08:10:17.210
33,2025-04-29 08:10:18.338
37,2025-04-29 08:10:19.517
38,2025-04-29 08:10:20.736
36,2025-04-29 08:10:21.828
33,2025-04-29 08:10:23.118
39,2025-04-29 08:10:24.334
33,2025-04-29 08:10:25.493
37,2025-04-29 08:10:26.660
33,2025-04-29 08:10:27.808
38,2025-04-29 08:10:28.963
33,2025-04-29 08:10:30.077
36,2025-04-29 08:10:31.176
33,2025-04-29 08:10:32.323
37,2025-04-29 08:10:33.538
35,2025-04-29 08:10:34.713
42,2025-04-29 08:10:35.902
33,2025-04-29 08:10:37.073
37,2025-04-29 08:10:38.157
35,2025-04-29 08:10:39.313
38,2025-04-29 08:10:40.464
33,2025-04-29 08:10:41.642
36,2025-04-29 08:10:42.841
33,2025-04-29 08:10:44.012
36,2025-04-29 08:10:45.206
33,2025-04-29 08:10:46.433
38,2025-04-29 08:10:47.624
33,2025-04-29 08:10:48.769
37,2025-04-29 08:10:49.966
33,2025-04-29 08:10:51.018
39,2025-04-29 08:10:52.201
33,2025-04-29 08:10:53.403
36,2025-04-29 08:10:54.568
36,2025-04-29 08:10:55.693
37,2025-04-29 08:10:56.889
32,2025-04-29 08:10:58.063
39,2025-04-29 08:10:59.263
33,2025-04-29 08:11:00.432
37,2025-04-29 08:11:01.664
33,2025-04-29 08:11:02.855
38,2025-04-29 08:11:04.040
33,2025-04-29 08:11:05.248
36,2025-04-29 08:11:06.374
32,2025-04-29 08:11:07.667
49,2025-04-29 08:11:08.898
32,2025-04-29 08:11:10.078
38,2025-04-29 08:11:11.317
33,2025-04-29 08:11:12.517
39,2025-04-29 08:11:13.752
33,2025-04-29 08:11:14.924
38,2025-04-29 08:11:16.105
33,2025-04-29 08:11:17.232
36,2025-04-29 08:11:18.441
33,2025-04-29 08:11:19.677
36,2025-04-29 08:11:20.825
32,2025-04-29 08:11:21.953
38,2025-04-29 08:11:23.086
33,2025-04-29 08:11:24.239
37,2025-04-29 08:11:25.460
33,2025-04-29 08:11:26.578
38,2025-04-29 08:11:27.764
33,2025-04-29 08:11:28.962
36,2025-04-29 08:11:30.154
32,2025-04-29 08:11:31.357
36,2025-04-29 08:11:32.544
33,2025-04-29 08:11:33.704
38,2025-04-29 08:11:34.924
33,2025-04-29 08:11:36.090
37,2025-04-29 08:11:37.209
38,2025-04-29 08:11:38.453
38,2025-04-29 08:11:39.607
32,2025-04-29 08:11:40.790
36,2025-04-29 08:11:41.950
32,2025-04-29 08:11:43.160
36,2025-04-29 08:11:44.341
32,2025-04-29 08:11:45.493
38,2025-04-29 08:11:46.698
33,2025-04-29 08:11:47.825
38,2025-04-29 08:11:49.033
35,2025-04-29 08:11:50.178
43,2025-04-29 08:11:51.266
33,2025-04-29 08:11:52.390
36,2025-04-29 08:11:53.606
33,2025-04-29 08:11:54.739
36,2025-04-29 08:11:55.905
35,2025-04-29 08:11:57.120
38,2025-04-29 08:11:58.299
32,2025-04-29 08:11:59.485
37,2025-04-29 08:12:00.873
33,2025-04-29 08:12:02.128
39,2025-04-29 08:12:03.306
33,2025-04-29 08:12:04.494
39,2025-04-29 08:12:05.688
34,2025-04-29 08:12:06.862
36,2025-04-29 08:12:08.128
33,2025-04-29 08:12:09.248
38,2025-04-29 08:12:10.417
33,2025-04-29 08:12:11.529
48,2025-04-29 08:12:12.740
33,2025-04-29 08:12:13.913
40,2025-04-29 08:12:15.066
32,2025-04-29 08:12:16.362
37,2025-04-29 08:12:17.709
46,2025-04-29 08:12:18.866
36,2025-04-29 08:12:20.070
32,2025-04-29 08:12:21.262
38,2025-04-29 08:12:22.508
32,2025-04-29 08:12:23.818
54,2025-04-29 08:12:24.991
33,2025-04-29 08:12:26.193
37,2025-04-29 08:12:27.421
33,2025-04-29 08:12:28.669
36,2025-04-29 08:12:29.857
33,2025-04-29 08:12:30.996
36,2025-04-29 08:12:32.166
46,2025-04-29 08:12:33.443
38,2025-04-29 08:12:34.567
33,2025-04-29 08:12:35.738
37,2025-04-29 08:12:37.054
33,2025-04-29 08:12:38.310
38,2025-04-29 08:12:39.612
33,2025-04-29 08:12:40.897
36,2025-04-29 08:12:42.091
33,2025-04-29 08:12:43.250
36,2025-04-29 08:12:44.462
32,2025-04-29 08:12:45.670
38,2025-04-29 08:12:46.892
40,2025-04-29 08:12:48.058
37,2025-04-29 08:12:49.237
33,2025-04-29 08:12:50.430
38,2025-04-29 08:12:51.726
56,2025-04-29 08:12:53.091
36,2025-04-29 08:12:54.404
33,2025-04-29 08:12:55.745
36,2025-04-29 08:12:56.939
33,2025-04-29 08:12:58.136
38,2025-04-29 08:12:59.482
32,2025-04-29 08:13:00.648
38,2025-04-29 08:13:01.910
35,2025-04-29 08:13:03.267
38,2025-04-29 08:13:04.441
33,2025-04-29 08:13:05.643
36,2025-04-29 08:13:06.790
33,2025-04-29 08:13:08.004
36,2025-04-29 08:13:09.149
39,2025-04-29 08:13:10.373
38,2025-04-29 08:13:11.654
33,2025-04-29 08:13:12.968
42,2025-04-29 08:13:14.168
33,2025-04-29 08:13:15.358
38,2025-04-29 08:13:16.583
33,2025-04-29 08:13:17.728
36,2025-04-29 08:13:18.889
33,2025-04-29 08:13:20.127
36,2025-04-29 08:13:21.394
32,2025-04-29 08:13:22.593
38,2025-04-29 08:13:23.780
33,2025-04-29 08:13:24.982
37,2025-04-29 08:13:26.323
34,2025-04-29 08:13:27.516
38,2025-04-29 08:13:28.707
33,2025-04-29 08:13:30.120
36,2025-04-29 08:13:31.381
33,2025-04-29 08:13:32.574
36,2025-04-29 08:13:33.775
32,2025-04-29 08:13:35.970
38,2025-04-29 08:13:37.223
39,2025-04-29 08:13:38.433
40,2025-04-29 08:13:39.672
33,2025-04-29 08:13:40.988
38,2025-04-29 08:13:42.382
33,2025-04-29 08:13:43.669
36,2025-04-29 08:13:44.896
33,2025-04-29 08:13:46.184
36,2025-04-29 08:13:47.551
32,2025-04-29 08:13:48.763
38,2025-04-29 08:13:50.204
32,2025-04-29 08:13:51.556
37,2025-04-29 08:13:52.757
32,2025-04-29 08:13:54.122
38,2025-04-29 08:13:55.378
33,2025-04-29 08:13:56.822
35,2025-04-29 08:13:58.125
33,2025-04-29 08:13:59.455
36,2025-04-29 08:14:00.753
32,2025-04-29 08:14:01.939
38,2025-04-29 08:14:03.249
32,2025-04-29 08:14:04.547
37,2025-04-29 08:14:05.781
33,2025-04-29 08:14:07.035
38,2025-04-29 08:14:08.356
33,2025-04-29 08:14:09.607
36,2025-04-29 08:14:10.797
32,2025-04-29 08:14:11.972
36,2025-04-29 08:14:13.398
32,2025-04-29 08:14:14.562
38,2025-04-29 08:14:15.742
32,2025-04-29 08:14:16.961
37,2025-04-29 08:14:18.199
33,2025-04-29 08:14:19.625
38,2025-04-29 08:14:20.847
33,2025-04-29 08:14:22.071
36,2025-04-29 08:14:23.509
32,2025-04-29 08:14:24.746
36,2025-04-29 08:14:26.196
33,2025-04-29 08:14:27.513
38,2025-04-29 08:14:28.929
32,2025-04-29 08:14:30.222
37,2025-04-29 08:14:31.776
32,2025-04-29 08:14:33.085
38,2025-04-29 08:14:34.395
33,2025-04-29 08:14:35.694
36,2025-04-29 08:14:37.116
32,2025-04-29 08:14:38.388
36,2025-04-29 08:14:39.747
32,2025-04-29 08:14:41.011
38,2025-04-29 08:14:42.420
33,2025-04-29 08:14:43.795
37,2025-04-29 08:14:45.127
33,2025-04-29 08:14:46.507
38,2025-04-29 08:14:47.861
33,2025-04-29 08:14:49.051
36,2025-04-29 08:14:50.484
32,2025-04-29 08:14:51.995
36,2025-04-29 08:14:53.184
32,2025-04-29 08:14:54.641
38,2025-04-29 08:14:55.916
32,2025-04-29 08:14:57.220
36,2025-04-29 08:14:58.485
32,2025-04-29 08:14:59.682
37,2025-04-29 08:15:01.198
32,2025-04-29 08:15:02.628
35,2025-04-29 08:15:03.996
32,2025-04-29 08:15:05.397
36,2025-04-29 08:15:06.777
32,2025-04-29 08:15:08.170
38,2025-04-29 08:15:09.679
32,2025-04-29 08:15:10.975
36,2025-04-29 08:15:12.271
34,2025-04-29 08:15:13.611
37,2025-04-29 08:15:15.111
33,2025-04-29 08:15:16.493
35,2025-04-29 08:15:17.928
32,2025-04-29 08:15:19.287
36,2025-04-29 08:15:20.590
32,2025-04-29 08:15:22.035
38,2025-04-29 08:15:23.567
32,2025-04-29 08:15:25.086
37,2025-04-29 08:15:26.644
32,2025-04-29 08:15:28.013
37,2025-04-29 08:15:29.563
32,2025-04-29 08:15:30.924
36,2025-04-29 08:15:32.208
32,2025-04-29 08:15:33.543
36,2025-04-29 08:15:34.923
32,2025-04-29 08:15:36.339
38,2025-04-29 08:15:37.750
32,2025-04-29 08:15:39.229
37,2025-04-29 08:15:40.665
37,2025-04-29 08:15:42.200
38,2025-04-29 08:15:43.717
33,2025-04-29 08:15:45.123
35,2025-04-29 08:15:46.574
32,2025-04-29 08:15:48.353
36,2025-04-29 08:15:49.656
32,2025-04-29 08:15:51.146
38,2025-04-29 08:15:52.770
32,2025-04-29 08:15:54.300
37,2025-04-29 08:15:55.582
32,2025-04-29 08:15:57.217
38,2025-04-29 08:15:58.589
33,2025-04-29 08:15:59.971
36,2025-04-29 08:16:01.643
33,2025-04-29 08:16:02.931
36,2025-04-29 08:16:04.274
32,2025-04-29 08:16:05.840
38,2025-04-29 08:16:07.243
33,2025-04-29 08:16:08.783
37,2025-04-29 08:16:10.262
33,2025-04-29 08:16:11.702
38,2025-04-29 08:16:13.412
33,2025-04-29 08:16:14.869
36,2025-04-29 08:16:16.206
33,2025-04-29 08:16:17.650
36,2025-04-29 08:16:19.145
32,2025-04-29 08:16:20.831
38,2025-04-29 08:16:22.488
32,2025-04-29 08:16:24.062
36,2025-04-29 08:16:25.670
49,2025-04-29 08:16:27.065
38,2025-04-29 08:16:28.537
33,2025-04-29 08:16:30.037
36,2025-04-29 08:16:31.505
32,2025-04-29 08:16:32.811
36,2025-04-29 08:16:34.182
32,2025-04-29 08:16:35.711
38,2025-04-29 08:16:37.387
32,2025-04-29 08:16:38.823
37,2025-04-29 08:16:40.573
33,2025-04-29 08:16:41.969
38,2025-04-29 08:16:43.370
33,2025-04-29 08:16:44.749
36,2025-04-29 08:16:46.284
33,2025-04-29 08:16:47.768
36,2025-04-29 08:16:49.416
32,2025-04-29 08:16:50.711
38,2025-04-29 08:16:52.185
33,2025-04-29 08:16:53.686
36,2025-04-29 08:16:55.144
33,2025-04-29 08:16:56.707
37,2025-04-29 08:16:58.182
33,2025-04-29 08:16:59.577
36,2025-04-29 08:17:00.886
32,2025-04-29 08:17:02.272
36,2025-04-29 08:17:03.645
32,2025-04-29 08:17:05.602
38,2025-04-29 08:17:07.358
32,2025-04-29 08:17:08.889
37,2025-04-29 08:17:10.520
33,2025-04-29 08:17:11.939
37,2025-04-29 08:17:13.245
32,2025-04-29 08:17:14.675
35,2025-04-29 08:17:16.323
32,2025-04-29 08:17:17.727
36,2025-04-29 08:17:19.155
32,2025-04-29 08:17:21.172
38,2025-04-29 08:17:22.500
32,2025-04-29 08:17:23.995
37,2025-04-29 08:17:25.498
33,2025-04-29 08:17:26.811
38,2025-04-29 08:17:28.300
33,2025-04-29 08:17:29.905
36,2025-04-29 08:17:31.543
33,2025-04-29 08:17:32.980
36,2025-04-29 08:17:34.629
33,2025-04-29 08:17:36.202
38,2025-04-29 08:17:37.617
33,2025-04-29 08:17:39.122
37,2025-04-29 08:17:40.570
33,2025-04-29 08:17:42.042
38,2025-04-29 08:17:43.613
33,2025-04-29 08:17:45.033
36,2025-04-29 08:17:46.416
33,2025-04-29 08:17:48.049
36,2025-04-29 08:17:49.451
33,2025-04-29 08:17:51.047
38,2025-04-29 08:17:52.757
33,2025-04-29 08:17:54.687
37,2025-04-29 08:17:56.495
33,2025-04-29 08:17:58.075
38,2025-04-29 08:17:59.654
33,2025-04-29 08:18:01.385
36,2025-04-29 08:18:03.000
33,2025-04-29 08:18:04.382
36,2025-04-29 08:18:05.903
32,2025-04-29 08:18:07.381
38,2025-04-29 08:18:08.873
33,2025-04-29 08:18:10.377
37,2025-04-29 08:18:11.980
33,2025-04-29 08:18:13.417
38,2025-04-29 08:18:14.852
33,2025-04-29 08:18:16.713
36,2025-04-29 08:18:18.476
33,2025-04-29 08:18:20.069
36,2025-04-29 08:18:21.510
33,2025-04-29 08:18:23.064
38,2025-04-29 08:18:24.529
32,2025-04-29 08:18:26.025
37,2025-04-29 08:18:27.781
33,2025-04-29 08:18:29.204
37,2025-04-29 08:18:30.774
33,2025-04-29 08:18:32.246
36,2025-04-29 08:18:33.697
32,2025-04-29 08:18:35.220
36,2025-04-29 08:18:36.906
32,2025-04-29 08:18:38.592
38,2025-04-29 08:18:40.179
33,2025-04-29 08:18:41.758
36,2025-04-29 08:18:43.241
37,2025-04-29 08:18:44.764
38,2025-04-29 08:18:46.773
33,2025-04-29 08:18:48.264
36,2025-04-29 08:18:49.908
32,2025-04-29 08:18:51.446
36,2025-04-29 08:18:52.898
32,2025-04-29 08:18:54.489
38,2025-04-29 08:18:56.191
33,2025-04-29 08:18:57.783
37,2025-04-29 08:18:59.434
33,2025-04-29 08:19:00.949
38,2025-04-29 08:19:02.792
33,2025-04-29 08:19:04.220
36,2025-04-29 08:19:05.867
32,2025-04-29 08:19:07.513
36,2025-04-29 08:19:09.264
32,2025-04-29 08:19:10.780
38,2025-04-29 08:19:12.370
32,2025-04-29 08:19:13.873
36,2025-04-29 08:19:15.485
33,2025-04-29 08:19:17.252
38,2025-04-29 08:19:18.664
33,2025-04-29 08:19:20.410
36,2025-04-29 08:19:21.819
33,2025-04-29 08:19:23.234
36,2025-04-29 08:19:24.918
33,2025-04-29 08:19:26.439
38,2025-04-29 08:19:28.108
33,2025-04-29 08:19:29.781
37,2025-04-29 08:19:31.851
33,2025-04-29 08:19:33.670
38,2025-04-29 08:19:35.175
33,2025-04-29 08:19:37.090
36,2025-04-29 08:19:38.860
32,2025-04-29 08:19:40.766
36,2025-04-29 08:19:42.249
33,2025-04-29 08:19:43.866
38,2025-04-29 08:19:45.598
32,2025-04-29 08:19:47.668
37,2025-04-29 08:19:49.436
33,2025-04-29 08:19:51.396
38,2025-04-29 08:19:52.935
33,2025-04-29 08:19:54.392
36,2025-04-29 08:19:56.094
33,2025-04-29 08:19:57.745
36,2025-04-29 08:19:59.483
33,2025-04-29 08:20:01.545
38,2025-04-29 08:20:03.016
33,2025-04-29 08:20:04.819
37,2025-04-29 08:20:06.322
33,2025-04-29 08:20:08.193
38,2025-04-29 08:20:09.723
33,2025-04-29 08:20:11.454
36,2025-04-29 08:20:13.186
33,2025-04-29 08:20:14.748
36,2025-04-29 08:20:16.262
32,2025-04-29 08:20:18.009
38,2025-04-29 08:20:19.501
33,2025-04-29 08:20:21.195
37,2025-04-29 08:20:23.145
33,2025-04-29 08:20:24.807
38,2025-04-29 08:20:26.713
33,2025-04-29 08:20:28.488
36,2025-04-29 08:20:29.976
32,2025-04-29 08:20:31.753
36,2025-04-29 08:20:33.502
32,2025-04-29 08:20:35.022
38,2025-04-29 08:20:36.757
32,2025-04-29 08:20:38.458
37,2025-04-29 08:20:40.238
33,2025-04-29 08:20:42.089
38,2025-04-29 08:20:43.880
33,2025-04-29 08:20:45.785
36,2025-04-29 08:20:47.227
32,2025-04-29 08:20:49.152
44,2025-04-29 08:20:50.795
59,2025-04-29 08:20:52.857
99,2025-04-29 08:20:54.720
156,2025-04-29 08:20:56.702
87,2025-04-29 08:20:58.669
33,2025-04-29 08:21:00.652
37,2025-04-29 08:21:02.319
36,2025-04-29 08:21:04.016
46,2025-04-29 08:21:05.569
34,2025-04-29 08:21:07.128
43,2025-04-29 08:21:09.231
33,2025-04-29 08:21:11.421
44,2025-04-29 08:21:13.049
34,2025-04-29 08:21:14.908
37,2025-04-29 08:21:16.556
36,2025-04-29 08:21:18.513
50,2025-04-29 08:21:20.334
33,2025-04-29 08:21:22.467
94,2025-04-29 08:21:24.655
32,2025-04-29 08:21:26.904
36,2025-04-29 08:21:29.088
49,2025-04-29 08:21:31.448
52,2025-04-29 08:21:33.300
33,2025-04-29 08:21:34.987
57,2025-04-29 08:21:36.882
141,2025-04-29 08:21:38.581
38,2025-04-29 08:21:40.162
33,2025-04-29 08:21:42.085
36,2025-04-29 08:21:43.833
34,2025-04-29 08:21:45.558
48,2025-04-29 08:21:47.084
33,2025-04-29 08:21:48.628
46,2025-04-29 08:21:50.624
33,2025-04-29 08:21:52.528
37,2025-04-29 08:21:54.407
41,2025-04-29 08:21:56.377
38,2025-04-29 08:21:58.291
34,2025-04-29 08:21:59.876
39,2025-04-29 08:22:01.545
33,2025-04-29 08:22:03.668
36,2025-04-29 08:22:05.718
33,2025-04-29 08:22:07.324
38,2025-04-29 08:22:09.187
33,2025-04-29 08:22:10.959
38,2025-04-29 08:22:12.837
44,2025-04-29 08:22:14.876
37,2025-04-29 08:22:17.376
33,2025-04-29 08:22:19.538
36,2025-04-29 08:22:21.483
87,2025-04-29 08:22:23.354
51,2025-04-29 08:22:25.167
33,2025-04-29 08:22:27.009
39,2025-04-29 08:22:29.066
33,2025-04-29 08:22:31.251
53,2025-04-29 08:22:33.034
33,2025-04-29 08:22:34.936
38,2025-04-29 08:22:36.795
33,2025-04-29 08:22:38.902
36,2025-04-29 08:22:40.717
33,2025-04-29 08:22:42.856
49,2025-04-29 08:22:44.661
33,2025-04-29 08:22:46.435
43,2025-04-29 08:22:48.265
33,2025-04-29 08:22:50.161
81,2025-04-29 08:22:52.169
54,2025-04-29 08:22:54.183
37,2025-04-29 08:22:56.358
33,2025-04-29 08:22:58.482
36,2025-04-29 08:23:00.190
32,2025-04-29 08:23:02.493
36,2025-04-29 08:23:04.196
32,2025-04-29 08:23:06.212
38,2025-04-29 08:23:08.154
33,2025-04-29 08:23:10.502
37,2025-04-29 08:23:12.379
33,2025-04-29 08:23:14.202
38,2025-04-29 08:23:16.027
33,2025-04-29 08:23:18.165
36,2025-04-29 08:23:20.138
33,2025-04-29 08:23:21.978
36,2025-04-29 08:23:23.916
32,2025-04-29 08:23:25.646
38,2025-04-29 08:23:27.607
32,2025-04-29 08:23:30.000
36,2025-04-29 08:23:31.791
33,2025-04-29 08:23:33.533
37,2025-04-29 08:23:35.340
33,2025-04-29 08:23:37.348
36,2025-04-29 08:23:39.352
33,2025-04-29 08:23:41.328
36,2025-04-29 08:23:43.169
32,2025-04-29 08:23:45.066
38,2025-04-29 08:23:46.851
32,2025-04-29 08:23:48.791
37,2025-04-29 08:23:50.839
33,2025-04-29 08:23:53.026
38,2025-04-29 08:23:54.885
33,2025-04-29 08:23:56.735
36,2025-04-29 08:23:58.524
33,2025-04-29 08:24:00.111
36,2025-04-29 08:24:01.773
33,2025-04-29 08:24:03.748
38,2025-04-29 08:24:05.536
32,2025-04-29 08:24:07.511
37,2025-04-29 08:24:09.390
33,2025-04-29 08:24:11.308
37,2025-04-29 08:24:13.253
33,2025-04-29 08:24:15.129
36,2025-04-29 08:24:17.622
33,2025-04-29 08:24:20.058
36,2025-04-29 08:24:21.973
33,2025-04-29 08:24:24.243
39,2025-04-29 08:24:26.383
32,2025-04-29 08:24:28.574
36,2025-04-29 08:24:31.148
33,2025-04-29 08:24:32.830
38,2025-04-29 08:24:34.738
33,2025-04-29 08:24:36.636
37,2025-04-29 08:24:38.751
32,2025-04-29 08:24:41.178
36,2025-04-29 08:24:42.995
33,2025-04-29 08:24:44.863
38,2025-04-29 08:24:46.572
33,2025-04-29 08:24:49.082
37,2025-04-29 08:24:51.422
33,2025-04-29 08:24:53.551
38,2025-04-29 08:24:56.287
33,2025-04-29 08:24:58.615
36,2025-04-29 08:25:00.967
33,2025-04-29 08:25:02.659
36,2025-04-29 08:25:05.093
37,2025-04-29 08:25:07.625
38,2025-04-29 08:25:09.676
32,2025-04-29 08:25:12.354
36,2025-04-29 08:25:15.224
32,2025-04-29 08:25:18.028
37,2025-04-29 08:25:20.453
33,2025-04-29 08:25:22.995
35,2025-04-29 08:25:25.025
33,2025-04-29 08:25:27.136
36,2025-04-29 08:25:30.309
33,2025-04-29 08:25:32.366
38,2025-04-29 08:25:34.890
33,2025-04-29 08:25:37.102
37,2025-04-29 08:25:38.896
33,2025-04-29 08:25:41.388
38,2025-04-29 08:25:43.220
33,2025-04-29 08:25:45.479
36,2025-04-29 08:25:47.913
33,2025-04-29 08:25:50.345
36,2025-04-29 08:25:53.155
32,2025-04-29 08:25:55.027
38,2025-04-29 08:25:57.185
33,2025-04-29 08:25:59.230
37,2025-04-29 08:26:01.379
33,2025-04-29 08:26:04.107
38,2025-04-29 08:26:06.482
33,2025-04-29 08:26:09.141
36,2025-04-29 08:26:11.741
33,2025-04-29 08:26:14.470
36,2025-04-29 08:26:17.016
33,2025-04-29 08:26:19.979
38,2025-04-29 08:26:22.304
33,2025-04-29 08:26:24.567
37,2025-04-29 08:26:26.775
33,2025-04-29 08:26:28.993
38,2025-04-29 08:26:31.042
33,2025-04-29 08:26:32.922
36,2025-04-29 08:26:35.380
33,2025-04-29 08:26:37.120
36,2025-04-29 08:26:40.230
33,2025-04-29 08:26:42.838
38,2025-04-29 08:26:45.543
33,2025-04-29 08:26:48.373
37,2025-04-29 08:26:50.531
33,2025-04-29 08:26:52.872
38,2025-04-29 08:26:55.357
33,2025-04-29 08:26:58.000
36,2025-04-29 08:27:00.181
33,2025-04-29 08:27:02.325
36,2025-04-29 08:27:05.234
33,2025-04-29 08:27:07.686
38,2025-04-29 08:27:09.930
33,2025-04-29 08:27:11.716
37,2025-04-29 08:27:14.276
33,2025-04-29 08:27:16.727
38,2025-04-29 08:27:19.446
33,2025-04-29 08:27:22.091
36,2025-04-29 08:27:25.237
33,2025-04-29 08:27:27.841
36,2025-04-29 08:27:29.872
33,2025-04-29 08:27:32.730
38,2025-04-29 08:27:35.372
33,2025-04-29 08:27:38.306
37,2025-04-29 08:27:41.407
33,2025-04-29 08:27:43.617
38,2025-04-29 08:27:46.171
33,2025-04-29 08:27:48.076
36,2025-04-29 08:27:50.787
33,2025-04-29 08:27:53.008
36,2025-04-29 08:27:56.358
33,2025-04-29 08:27:59.412
38,2025-04-29 08:28:02.067
33,2025-04-29 08:28:04.757
37,2025-04-29 08:28:07.489
33,2025-04-29 08:28:09.842
38,2025-04-29 08:28:12.028
33,2025-04-29 08:28:14.553
36,2025-04-29 08:28:17.086
33,2025-04-29 08:28:19.134
36,2025-04-29 08:28:21.962
33,2025-04-29 08:28:24.416
38,2025-04-29 08:28:26.622
33,2025-04-29 08:28:29.182
37,2025-04-29 08:28:32.518
33,2025-04-29 08:28:35.144
38,2025-04-29 08:28:37.069
33,2025-04-29 08:28:39.093
36,2025-04-29 08:28:41.786
33,2025-04-29 08:28:43.876
36,2025-04-29 08:28:46.118
32,2025-04-29 08:28:48.881
38,2025-04-29 08:28:51.475
33,2025-04-29 08:28:54.346
37,2025-04-29 08:28:56.961
33,2025-04-29 08:28:59.852
38,2025-04-29 08:29:02.339
33,2025-04-29 08:29:05.496
36,2025-04-29 08:29:08.163
33,2025-04-29 08:29:12.076
36,2025-04-29 08:29:14.368
32,2025-04-29 08:29:18.601
38,2025-04-29 08:29:21.676
33,2025-04-29 08:29:23.967
37,2025-04-29 08:29:26.385
33,2025-04-29 08:29:29.723
38,2025-04-29 08:29:32.412
33,2025-04-29 08:29:34.463
36,2025-04-29 08:29:37.822
33,2025-04-29 08:29:39.681
36,2025-04-29 08:29:42.671
33,2025-04-29 08:29:44.908
38,2025-04-29 08:29:48.358
33,2025-04-29 08:29:51.862
37,2025-04-29 08:29:54.796
33,2025-04-29 08:29:58.008
38,2025-04-29 08:30:00.242
33,2025-04-29 08:30:03.403
36,2025-04-29 08:30:06.839
33,2025-04-29 08:30:09.827
36,2025-04-29 08:30:12.464
33,2025-04-29 08:30:15.279
38,2025-04-29 08:30:17.902
33,2025-04-29 08:30:20.008
37,2025-04-29 08:30:22.393
33,2025-04-29 08:30:24.622
38,2025-04-29 08:30:27.928
33,2025-04-29 08:30:30.046
36,2025-04-29 08:30:32.128
33,2025-04-29 08:30:35.485
38,2025-04-29 08:30:37.878
33,2025-04-29 08:30:40.365
38,2025-04-29 08:30:43.124
33,2025-04-29 08:30:46.188
38,2025-04-29 08:30:49.646
33,2025-04-29 08:30:52.863
38,2025-04-29 08:30:55.273
33,2025-04-29 08:30:57.934
36,2025-04-29 08:31:00.540
33,2025-04-29 08:31:04.170
37,2025-04-29 08:31:07.653
32,2025-04-29 08:31:11.252
39,2025-04-29 08:31:14.122
33,2025-04-29 08:31:17.206
37,2025-04-29 08:31:19.907
33,2025-04-29 08:31:23.235
38,2025-04-29 08:31:26.585
33,2025-04-29 08:31:29.485
36,2025-04-29 08:31:31.983
33,2025-04-29 08:31:33.830
36,2025-04-29 08:31:36.279
33,2025-04-29 08:31:39.638
38,2025-04-29 08:31:43.063
33,2025-04-29 08:31:46.126
37,2025-04-29 08:31:49.584
32,2025-04-29 08:31:52.779
38,2025-04-29 08:31:55.500
33,2025-04-29 08:31:58.172
36,2025-04-29 08:32:02.463
33,2025-04-29 08:32:05.667
36,2025-04-29 08:32:09.099
32,2025-04-29 08:32:12.326
38,2025-04-29 08:32:15.414
33,2025-04-29 08:32:19.374
37,2025-04-29 08:32:23.049
33,2025-04-29 08:32:25.614
37,2025-04-29 08:32:29.323
33,2025-04-29 08:32:31.566
36,2025-04-29 08:32:34.370
33,2025-04-29 08:32:37.496
36,2025-04-29 08:32:41.681
33,2025-04-29 08:32:44.946
39,2025-04-29 08:32:48.002
33,2025-04-29 08:32:51.099
37,2025-04-29 08:32:53.407
33,2025-04-29 08:32:57.794
38,2025-04-29 08:33:01.255
33,2025-04-29 08:33:04.555
36,2025-04-29 08:33:07.777
33,2025-04-29 08:33:10.475
36,2025-04-29 08:33:12.506
33,2025-04-29 08:33:15.859
39,2025-04-29 08:33:19.196
50,2025-04-29 08:33:22.888
37,2025-04-29 08:33:26.048
33,2025-04-29 08:33:29.602
38,2025-04-29 08:33:33.017
33,2025-04-29 08:33:35.932
36,2025-04-29 08:33:39.452
33,2025-04-29 08:33:42.818
36,2025-04-29 08:33:45.437
33,2025-04-29 08:33:48.853
38,2025-04-29 08:33:52.664
33,2025-04-29 08:33:57.079
37,2025-04-29 08:34:01.008
33,2025-04-29 08:34:03.998
38,2025-04-29 08:34:08.153
33,2025-04-29 08:34:12.398
36,2025-04-29 08:34:16.701
33,2025-04-29 08:34:20.428
36,2025-04-29 08:34:23.582
33,2025-04-29 08:34:27.710
38,2025-04-29 08:34:31.459
33,2025-04-29 08:34:34.737
37,2025-04-29 08:34:38.530
33,2025-04-29 08:34:42.502
38,2025-04-29 08:34:45.145
33,2025-04-29 08:34:48.937
36,2025-04-29 08:34:52.465
33,2025-04-29 08:34:55.868
36,2025-04-29 08:34:58.451
33,2025-04-29 08:35:01.896
38,2025-04-29 08:35:05.486
33,2025-04-29 08:35:08.765
38,2025-04-29 08:35:12.852
33,2025-04-29 08:35:17.256
38,2025-04-29 08:35:20.986
33,2025-04-29 08:35:24.866
37,2025-04-29 08:35:27.770
33,2025-04-29 08:35:31.413
36,2025-04-29 08:35:35.506
32,2025-04-29 08:35:39.677
38,2025-04-29 08:35:45.013
32,2025-04-29 08:35:49.472
37,2025-04-29 08:35:53.842
33,2025-04-29 08:35:57.318
38,2025-04-29 08:36:02.228
33,2025-04-29 08:36:06.068
36,2025-04-29 08:36:10.476
33,2025-04-29 08:36:13.848
38,2025-04-29 08:36:17.447
33,2025-04-29 08:36:20.142
39,2025-04-29 08:36:23.945
135,2025-04-29 08:36:26.741
73,2025-04-29 08:36:30.151
34,2025-04-29 08:36:34.569
57,2025-04-29 08:36:38.771
33,2025-04-29 08:36:43.427
36,2025-04-29 08:36:48.368
33,2025-04-29 08:36:54.409
36,2025-04-29 08:36:59.900
33,2025-04-29 08:37:05.591
38,2025-04-29 08:37:10.288
33,2025-04-29 08:37:13.832
37,2025-04-29 08:37:17.986
33,2025-04-29 08:37:21.477
38,2025-04-29 08:37:24.553
33,2025-04-29 08:37:29.455
36,2025-04-29 08:37:34.144
33,2025-04-29 08:37:39.798
36,2025-04-29 08:37:44.106
33,2025-04-29 08:37:47.598
38,2025-04-29 08:37:51.391
33,2025-04-29 08:37:55.137
37,2025-04-29 08:37:59.898
33,2025-04-29 08:38:03.582
38,2025-04-29 08:38:08.568
33,2025-04-29 08:38:12.728
36,2025-04-29 08:38:18.161
35,2025-04-29 08:38:22.704
36,2025-04-29 08:38:27.537
33,2025-04-29 08:38:30.633
39,2025-04-29 08:38:33.714
33,2025-04-29 08:38:37.238
38,2025-04-29 08:38:41.985
33,2025-04-29 08:38:45.613
38,2025-04-29 08:38:49.677
33,2025-04-29 08:38:53.145
36,2025-04-29 08:38:56.947
32,2025-04-29 08:39:01.103
36,2025-04-29 08:39:04.056
32,2025-04-29 08:39:08.169
38,2025-04-29 08:39:11.116
33,2025-04-29 08:39:15.510
37,2025-04-29 08:39:20.031
32,2025-04-29 08:39:26.614
38,2025-04-29 08:39:32.297
33,2025-04-29 08:39:38.069
36,2025-04-29 08:39:43.153
33,2025-04-29 08:39:48.551
36,2025-04-29 08:39:53.791
33,2025-04-29 08:39:57.879
38,2025-04-29 08:40:03.612
33,2025-04-29 08:40:07.729
37,2025-04-29 08:40:12.065
33,2025-04-29 08:40:16.684
38,2025-04-29 08:40:22.529
33,2025-04-29 08:40:28.021
36,2025-04-29 08:40:33.052
33,2025-04-29 08:40:36.994
36,2025-04-29 08:40:40.719
35,2025-04-29 08:40:45.773
38,2025-04-29 08:40:49.869
32,2025-04-29 08:40:55.465
37,2025-04-29 08:40:59.485
33,2025-04-29 08:41:05.171
38,2025-04-29 08:41:09.091
33,2025-04-29 08:41:11.218
36,2025-04-29 08:41:14.870
33,2025-04-29 08:41:18.911
36,2025-04-29 08:41:23.961
33,2025-04-29 08:41:28.363
38,2025-04-29 08:41:30.558
33,2025-04-29 08:41:34.203
37,2025-04-29 08:41:38.688
33,2025-04-29 08:41:43.379
38,2025-04-29 08:41:48.270
33,2025-04-29 08:41:52.959
36,2025-04-29 08:41:56.977
33,2025-04-29 08:42:00.560
36,2025-04-29 08:42:05.358
33,2025-04-29 08:42:11.198
38,2025-04-29 08:42:16.722
32,2025-04-29 08:42:21.116
39,2025-04-29 08:42:25.081
33,2025-04-29 08:42:28.953
38,2025-04-29 08:42:32.504
33,2025-04-29 08:42:35.492
36,2025-04-29 08:42:40.090
33,2025-04-29 08:42:44.978
36,2025-04-29 08:42:49.681
32,2025-04-29 08:42:53.762
38,2025-04-29 08:42:58.783
32,2025-04-29 08:43:03.347
37,2025-04-29 08:43:07.181
33,2025-04-29 08:43:10.559
38,2025-04-29 08:43:14.377
33,2025-04-29 08:43:21.226
36,2025-04-29 08:43:26.865
32,2025-04-29 08:43:33.359
36,2025-04-29 08:43:39.425
32,2025-04-29 08:43:43.486
38,2025-04-29 08:43:47.632
32,2025-04-29 08:43:53.526
37,2025-04-29 08:43:58.712
33,2025-04-29 08:44:04.396
37,2025-04-29 08:44:09.376
33,2025-04-29 08:44:13.352
36,2025-04-29 08:44:17.496
33,2025-04-29 08:44:22.571
36,2025-04-29 08:44:28.682
32,2025-04-29 08:44:34.228
38,2025-04-29 08:44:39.552
32,2025-04-29 08:44:44.137
37,2025-04-29 08:44:50.214
33,2025-04-29 08:44:55.131
38,2025-04-29 08:45:01.887
33,2025-04-29 08:45:06.392
36,2025-04-29 08:45:11.994
33,2025-04-29 08:45:17.343
36,2025-04-29 08:45:22.726
32,2025-04-29 08:45:29.562
38,2025-04-29 08:45:34.983
32,2025-04-29 08:45:40.498
36,2025-04-29 08:45:46.367
33,2025-04-29 08:45:52.345
38,2025-04-29 08:45:57.911
33,2025-04-29 08:46:03.791
36,2025-04-29 08:46:09.741
32,2025-04-29 08:46:15.470
36,2025-04-29 08:46:21.738
32,2025-04-29 08:46:27.975
38,2025-04-29 08:46:33.125
33,2025-04-29 08:46:39.003
37,2025-04-29 08:46:44.158
33,2025-04-29 08:46:48.807
38,2025-04-29 08:46:52.421
33,2025-04-29 08:46:56.399
36,2025-04-29 08:47:01.409
33,2025-04-29 08:47:06.889
36,2025-04-29 08:47:10.942
32,2025-04-29 08:47:16.395
38,2025-04-29 08:47:21.074
32,2025-04-29 08:47:25.785
37,2025-04-29 08:47:30.764
33,2025-04-29 08:47:37.939
38,2025-04-29 08:47:43.324
33,2025-04-29 08:47:49.980
36,2025-04-29 08:47:55.723
32,2025-04-29 08:48:01.694
36,2025-04-29 08:48:07.198
32,2025-04-29 08:48:12.645
38,2025-04-29 08:48:18.938
32,2025-04-29 08:48:24.629
37,2025-04-29 08:48:30.823
33,2025-04-29 08:48:36.824
37,2025-04-29 08:48:42.095
33,2025-04-29 08:48:48.550
36,2025-04-29 08:48:54.224
33,2025-04-29 08:48:59.654
36,2025-04-29 08:49:04.662
35,2025-04-29 08:49:09.548
38,2025-04-29 08:49:15.265
33,2025-04-29 08:49:20.525
37,2025-04-29 08:49:27.434
32,2025-04-29 08:49:33.602
38,2025-04-29 08:49:40.080
33,2025-04-29 08:49:45.884
36,2025-04-29 08:49:52.425
33,2025-04-29 08:49:58.577
36,2025-04-29 08:50:04.386
32,2025-04-29 08:50:10.331
38,2025-04-29 08:50:15.895
32,2025-04-29 08:50:21.656
36,2025-04-29 08:50:26.760
33,2025-04-29 08:50:31.472
38,2025-04-29 08:50:37.600
33,2025-04-29 08:50:42.033
36,2025-04-29 08:50:46.680
33,2025-04-29 08:50:50.953
36,2025-04-29 08:50:57.261
32,2025-04-29 08:51:03.593
38,2025-04-29 08:51:08.741
32,2025-04-29 08:51:12.438
37,2025-04-29 08:51:16.507
33,2025-04-29 08:51:20.864
38,2025-04-29 08:51:24.854
33,2025-04-29 08:51:29.076
38,2025-04-29 08:51:33.528
33,2025-04-29 08:51:38.319
36,2025-04-29 08:51:43.492
33,2025-04-29 08:51:51.095
38,2025-04-29 08:51:58.209
33,2025-04-29 08:52:04.840
37,2025-04-29 08:52:11.304
32,2025-04-29 08:52:17.342
38,2025-04-29 08:52:22.916
33,2025-04-29 08:52:29.001
36,2025-04-29 08:52:34.709
33,2025-04-29 08:52:40.997
36,2025-04-29 08:52:47.103
32,2025-04-29 08:52:52.990
38,2025-04-29 08:52:58.822
32,2025-04-29 08:53:04.796
37,2025-04-29 08:53:11.407
33,2025-04-29 08:53:18.140
38,2025-04-29 08:53:24.399
33,2025-04-29 08:53:31.832
36,2025-04-29 08:53:39.215
33,2025-04-29 08:53:46.711
36,2025-04-29 08:53:53.209
33,2025-04-29 08:53:59.088
38,2025-04-29 08:54:05.990
32,2025-04-29 08:54:13.355
37,2025-04-29 08:54:19.270
33,2025-04-29 08:54:24.623
38,2025-04-29 08:54:30.674
33,2025-04-29 08:54:35.749
36,2025-04-29 08:54:41.615
32,2025-04-29 08:54:47.307
36,2025-04-29 08:54:53.451
33,2025-04-29 08:54:59.426
38,2025-04-29 08:55:05.734
32,2025-04-29 08:55:11.893
36,2025-04-29 08:55:17.069
33,2025-04-29 08:55:21.912
38,2025-04-29 08:55:27.449
33,2025-04-29 08:55:33.681
36,2025-04-29 08:55:39.878
33,2025-04-29 08:55:45.733
36,2025-04-29 08:55:51.892
33,2025-04-29 08:55:57.784
38,2025-04-29 08:56:04.135
32,2025-04-29 08:56:09.830
37,2025-04-29 08:56:16.143
32,2025-04-29 08:56:22.487
37,2025-04-29 08:56:29.581
33,2025-04-29 08:56:36.935
36,2025-04-29 08:56:44.175
32,2025-04-29 08:56:51.463
36,2025-04-29 08:56:58.927
32,2025-04-29 08:57:05.609
38,2025-04-29 08:57:12.671
32,2025-04-29 08:57:20.209
37,2025-04-29 08:57:27.040
32,2025-04-29 08:57:33.155
37,2025-04-29 08:57:39.504
32,2025-04-29 08:57:45.214
36,2025-04-29 08:57:51.917
33,2025-04-29 08:57:58.365
36,2025-04-29 08:58:05.163
32,2025-04-29 08:58:12.043
38,2025-04-29 08:58:18.457
32,2025-04-29 08:58:25.310
36,2025-04-29 08:58:31.986
33,2025-04-29 08:58:38.953
37,2025-04-29 08:58:45.522
33,2025-04-29 08:58:52.224
36,2025-04-29 08:58:59.377
33,2025-04-29 08:59:06.911
36,2025-04-29 08:59:14.428
32,2025-04-29 08:59:20.847
38,2025-04-29 08:59:26.378
32,2025-04-29 08:59:32.706
37,2025-04-29 08:59:38.868
33,2025-04-29 08:59:45.030
38,2025-04-29 08:59:51.185
33,2025-04-29 08:59:57.740
36,2025-04-29 09:00:04.737
33,2025-04-29 09:00:11.221
36,2025-04-29 09:00:17.463
33,2025-04-29 09:00:24.323
38,2025-04-29 09:00:31.273
32,2025-04-29 09:00:37.563
36,2025-04-29 09:00:43.617
33,2025-04-29 09:00:48.868
38,2025-04-29 09:00:53.388
33,2025-04-29 09:00:59.330
36,2025-04-29 09:01:05.404
32,2025-04-29 09:01:10.669
36,2025-04-29 09:01:16.369
33,2025-04-29 09:01:22.066
38,2025-04-29 09:01:27.291
33,2025-04-29 09:01:32.568
37,2025-04-29 09:01:38.517
32,2025-04-29 09:01:44.915
38,2025-04-29 09:01:50.161
33,2025-04-29 09:01:55.376
36,2025-04-29 09:02:00.749
33,2025-04-29 09:02:05.815
36,2025-04-29 09:02:11.492
33,2025-04-29 09:02:17.098
38,2025-04-29 09:02:22.499
33,2025-04-29 09:02:27.359
37,2025-04-29 09:02:32.443
33,2025-04-29 09:02:38.487
38,2025-04-29 09:02:44.863
33,2025-04-29 09:02:50.683
36,2025-04-29 09:02:56.461
33,2025-04-29 09:03:02.074
36,2025-04-29 09:03:07.996
33,2025-04-29 09:03:13.976
38,2025-04-29 09:03:19.724
33,2025-04-29 09:03:25.569
37,2025-04-29 09:03:31.437
33,2025-04-29 09:03:37.054
38,2025-04-29 09:03:42.897
33,2025-04-29 09:03:48.627
36,2025-04-29 09:03:54.256
33,2025-04-29 09:04:00.107
36,2025-04-29 09:04:06.208
32,2025-04-29 09:04:11.925
38,2025-04-29 09:04:18.278
32,2025-04-29 09:04:24.687
37,2025-04-29 09:04:30.983
33,2025-04-29 09:04:35.713
38,2025-04-29 09:04:41.450
33,2025-04-29 09:04:47.336
36,2025-04-29 09:04:53.415
33,2025-04-29 09:04:59.366
36,2025-04-29 09:05:04.903
32,2025-04-29 09:05:10.704
38,2025-04-29 09:05:16.226
33,2025-04-29 09:05:22.084
37,2025-04-29 09:05:27.437
33,2025-04-29 09:05:32.721
38,2025-04-29 09:05:37.813
33,2025-04-29 09:05:42.757
36,2025-04-29 09:05:47.661
33,2025-04-29 09:05:52.573
36,2025-04-29 09:05:57.466
32,2025-04-29 09:06:02.658
38,2025-04-29 09:06:08.311
33,2025-04-29 09:06:14.277
37,2025-04-29 09:06:20.378
33,2025-04-29 09:06:25.765
38,2025-04-29 09:06:35.337
33,2025-04-29 09:06:42.478
36,2025-04-29 09:06:47.518
33,2025-04-29 09:06:51.567
36,2025-04-29 09:06:54.759
33,2025-04-29 09:06:59.235
38,2025-04-29 09:07:04.415
32,2025-04-29 09:07:09.597
36,2025-04-29 09:07:15.920
32,2025-04-29 09:07:21.547
37,2025-04-29 09:07:27.160
32,2025-04-29 09:07:33.387
36,2025-04-29 09:07:39.776
33,2025-04-29 09:07:46.155
36,2025-04-29 09:07:52.507
32,2025-04-29 09:07:58.725
38,2025-04-29 09:08:04.897
33,2025-04-29 09:08:09.885
36,2025-04-29 09:08:14.953
32,2025-04-29 09:08:20.691
37,2025-04-29 09:08:26.751
32,2025-04-29 09:08:32.741
36,2025-04-29 09:08:38.731
33,2025-04-29 09:08:45.015
36,2025-04-29 09:08:51.262
32,2025-04-29 09:08:56.544
38,2025-04-29 09:09:02.204
33,2025-04-29 09:09:08.090
36,2025-04-29 09:09:13.694
33,2025-04-29 09:09:19.385
37,2025-04-29 09:09:25.399
33,2025-04-29 09:09:30.819
36,2025-04-29 09:09:37.114
33,2025-04-29 09:09:43.793
36,2025-04-29 09:09:54.812
32,2025-04-29 09:10:06.291
38,2025-04-29 09:10:16.902
32,2025-04-29 09:10:27.487
37,2025-04-29 09:10:37.146
33,2025-04-29 09:10:47.751
38,2025-04-29 09:10:57.137
33,2025-04-29 09:11:07.660
36,2025-04-29 09:11:17.525
33,2025-04-29 09:11:27.691
36,2025-04-29 09:11:37.850
33,2025-04-29 09:11:47.597
38,2025-04-29 09:11:56.898
32,2025-04-29 09:12:06.812
37,2025-04-29 09:12:17.131
33,2025-04-29 09:12:26.880
38,2025-04-29 09:12:36.822
33,2025-04-29 09:12:46.657
36,2025-04-29 09:12:54.980
33,2025-04-29 09:13:03.787
36,2025-04-29 09:13:12.948
33,2025-04-29 09:13:22.986
38,2025-04-29 09:13:33.019
33,2025-04-29 09:13:43.452
37,2025-04-29 09:13:53.121
33,2025-04-29 09:14:03.029
38,2025-04-29 09:14:12.998
33,2025-04-29 09:14:23.220
36,2025-04-29 09:14:33.053
33,2025-04-29 09:14:42.792
36,2025-04-29 09:14:53.321
32,2025-04-29 09:15:03.517
38,2025-04-29 09:15:13.387
32,2025-04-29 09:15:23.132
37,2025-04-29 09:15:32.729
33,2025-04-29 09:15:41.955
38,2025-04-29 09:15:51.243
33,2025-04-29 09:16:01.026
36,2025-04-29 09:16:11.201
33,2025-04-29 09:16:21.441
36,2025-04-29 09:16:31.905
33,2025-04-29 09:16:42.546
38,2025-04-29 09:16:52.629
33,2025-04-29 09:17:02.496
37,2025-04-29 09:17:11.333
33,2025-04-29 09:17:21.570
38,2025-04-29 09:17:31.817
33,2025-04-29 09:17:41.725
36,2025-04-29 09:17:52.385
33,2025-04-29 09:18:01.981
36,2025-04-29 09:18:12.144
32,2025-04-29 09:18:22.710
38,2025-04-29 09:18:32.571
32,2025-04-29 09:18:42.495
37,2025-04-29 09:18:52.498
33,2025-04-29 09:19:02.495
38,2025-04-29 09:19:12.940
33,2025-04-29 09:19:23.325
36,2025-04-29 09:19:33.671
33,2025-04-29 09:19:43.933
36,2025-04-29 09:19:54.416
33,2025-04-29 09:20:04.420
38,2025-04-29 09:20:14.208
32,2025-04-29 09:20:22.439
37,2025-04-29 09:20:31.759
33,2025-04-29 09:20:41.612
38,2025-04-29 09:20:51.189
33,2025-04-29 09:21:00.904
36,2025-04-29 09:21:11.013
33,2025-04-29 09:21:20.883
36,2025-04-29 09:21:30.535
33,2025-04-29 09:21:40.531
38,2025-04-29 09:21:50.674
33,2025-04-29 09:21:59.969
37,2025-04-29 09:22:09.204
33,2025-04-29 09:22:19.398
38,2025-04-29 09:22:29.236
33,2025-04-29 09:22:38.757
36,2025-04-29 09:22:48.328
33,2025-04-29 09:22:58.665
36,2025-04-29 09:23:09.107
32,2025-04-29 09:23:19.187
38,2025-04-29 09:23:28.684
33,2025-04-29 09:23:38.036
37,2025-04-29 09:23:48.037
33,2025-04-29 09:23:58.402
38,2025-04-29 09:24:08.336
33,2025-04-29 09:24:17.751
36,2025-04-29 09:24:27.870
33,2025-04-29 09:24:37.674
36,2025-04-29 09:24:47.423
33,2025-04-29 09:24:58.010
38,2025-04-29 09:25:08.560
32,2025-04-29 09:25:17.986
37,2025-04-29 09:25:27.431
33,2025-04-29 09:25:37.348
38,2025-04-29 09:25:47.739
33,2025-04-29 09:25:57.733
36,2025-04-29 09:26:07.479
33,2025-04-29 09:26:17.985
36,2025-04-29 09:26:27.870
32,2025-04-29 09:26:38.685
38,2025-04-29 09:26:49.375
32,2025-04-29 09:26:59.924
37,2025-04-29 09:27:11.002
33,2025-04-29 09:27:21.777
38,2025-04-29 09:27:32.204
33,2025-04-29 09:27:41.374
36,2025-04-29 09:27:52.191
33,2025-04-29 09:28:03.107
36,2025-04-29 09:28:13.964
32,2025-04-29 09:28:23.753
38,2025-04-29 09:28:33.142
33,2025-04-29 09:28:43.258
37,2025-04-29 09:28:54.039
33,2025-04-29 09:29:03.549
37,2025-04-29 09:29:13.381
33,2025-04-29 09:29:23.566
36,2025-04-29 09:29:33.749
33,2025-04-29 09:29:44.710
36,2025-04-29 09:29:55.030
32,2025-04-29 09:30:03.788
38,2025-04-29 09:30:13.853
33,2025-04-29 09:30:23.813
37,2025-04-29 09:30:34.359
33,2025-04-29 09:30:44.127
38,2025-04-29 09:30:53.904
33,2025-04-29 09:31:02.763
36,2025-04-29 09:31:12.960
33,2025-04-29 09:31:22.946
36,2025-04-29 09:31:33.306
33,2025-04-29 09:31:43.749
38,2025-04-29 09:31:53.593
33,2025-04-29 09:32:03.985
37,2025-04-29 09:32:14.853
33,2025-04-29 09:32:25.364
38,2025-04-29 09:32:35.863
33,2025-04-29 09:32:46.437
36,2025-04-29 09:32:56.176
33,2025-04-29 09:33:05.971
36,2025-04-29 09:33:15.968
33,2025-04-29 09:33:25.951
38,2025-04-29 09:33:35.654
32,2025-04-29 09:33:45.310
37,2025-04-29 09:33:56.317
33,2025-04-29 09:34:06.443
38,2025-04-29 09:34:16.804
33,2025-04-29 09:34:27.377
36,2025-04-29 09:34:37.400
33,2025-04-29 09:34:47.311
36,2025-04-29 09:34:57.723
32,2025-04-29 09:35:08.378
38,2025-04-29 09:35:19.106
33,2025-04-29 09:35:29.329
37,2025-04-29 09:35:38.892
33,2025-04-29 09:35:48.358
38,2025-04-29 09:35:57.908
33,2025-04-29 09:36:08.672
36,2025-04-29 09:36:19.413
33,2025-04-29 09:36:29.353
36,2025-04-29 09:36:39.713
33,2025-04-29 09:36:50.690
38,2025-04-29 09:37:01.344
32,2025-04-29 09:37:12.408
37,2025-04-29 09:37:22.917
33,2025-04-29 09:37:33.424
38,2025-04-29 09:37:44.222
33,2025-04-29 09:37:55.311
36,2025-04-29 09:38:06.255
33,2025-04-29 09:38:16.503
36,2025-04-29 09:38:26.884
33,2025-04-29 09:38:36.420
38,2025-04-29 09:38:45.990
32,2025-04-29 09:38:55.792
37,2025-04-29 09:39:05.645
33,2025-04-29 09:39:15.966
38,2025-04-29 09:39:26.208
33,2025-04-29 09:39:36.642
36,2025-04-29 09:39:46.291
33,2025-04-29 09:39:56.805
36,2025-04-29 09:40:07.594
33,2025-04-29 09:40:18.201
38,2025-04-29 09:40:28.146
32,2025-04-29 09:40:38.928
37,2025-04-29 09:40:49.733
33,2025-04-29 09:41:00.555
38,2025-04-29 09:41:10.700
33,2025-04-29 09:41:20.845
36,2025-04-29 09:41:31.676
33,2025-04-29 09:41:42.300
36,2025-04-29 09:41:52.976
33,2025-04-29 09:42:03.827
38,2025-04-29 09:42:14.594
32,2025-04-29 09:42:24.650
37,2025-04-29 09:42:34.680
33,2025-04-29 09:42:45.470
38,2025-04-29 09:42:55.932
33,2025-04-29 09:43:06.704
36,2025-04-29 09:43:16.747
33,2025-04-29 09:43:26.766
36,2025-04-29 09:43:36.137
32,2025-04-29 09:43:45.770
38,2025-04-29 09:43:54.800
33,2025-04-29 09:44:04.774
37,2025-04-29 09:44:14.020
33,2025-04-29 09:44:23.287
38,2025-04-29 09:44:33.211
33,2025-04-29 09:44:43.888
36,2025-04-29 09:44:52.999
33,2025-04-29 09:45:01.189
36,2025-04-29 09:45:10.562
33,2025-04-29 09:45:20.574
